ISO-10303-21;
HEADER;
/* Generated by software containing ST-Developer
 * from STEP Tools, Inc. (www.steptools.com) 
 */
/* OPTION: using custom schema-name function */

FILE_DESCRIPTION(
/* description */ (''),
/* implementation_level */ '2;1');

FILE_NAME(
/* name */ 'T61H-RM41',
/* time_stamp */ '2024-01-30T17:45:29-07:00',
/* author */ (''),
/* organization */ (''),
/* preprocessor_version */ 'ST-DEVELOPER v16.5',
/* originating_system */ 'Rhino 7.34',
/* authorisation */ '');

FILE_SCHEMA (('CONFIG_CONTROL_DESIGN'));
ENDSEC;

DATA;
#10=SHAPE_REPRESENTATION_RELATIONSHIP('','',#894,#12);
#11=MANIFOLD_SOLID_BREP('brep_1',#13);
#12=ADVANCED_BREP_SHAPE_REPRESENTATION('brep_rep_0',(#11,#941),#893);
#13=CLOSED_SHELL('',(#20,#21,#22,#23,#24,#25,#26,#27,#28,#29,#30,#31,#32,
#33,#34,#35,#36,#37,#38,#39,#40,#41,#42,#43,#44,#45,#46,#47,#48,#49,#50,
#51,#52,#53,#54,#55,#56,#57,#58,#59,#60,#61,#62,#63,#64,#65,#66,#67,#68));
#14=FACE_BOUND('',#120,.T.);
#15=FACE_BOUND('',#121,.T.);
#16=FACE_BOUND('',#143,.T.);
#17=FACE_BOUND('',#150,.T.);
#18=FACE_BOUND('',#152,.T.);
#19=FACE_BOUND('',#160,.T.);
#20=ADVANCED_FACE('',(#69),#782,.F.);
#21=ADVANCED_FACE('',(#70,#14,#15),#760,.T.);
#22=ADVANCED_FACE('',(#71),#761,.T.);
#23=ADVANCED_FACE('',(#72),#762,.T.);
#24=ADVANCED_FACE('',(#73),#763,.T.);
#25=ADVANCED_FACE('',(#74),#783,.F.);
#26=ADVANCED_FACE('',(#75),#764,.T.);
#27=ADVANCED_FACE('',(#76),#765,.T.);
#28=ADVANCED_FACE('',(#77),#784,.F.);
#29=ADVANCED_FACE('',(#78),#766,.T.);
#30=ADVANCED_FACE('',(#79),#785,.F.);
#31=ADVANCED_FACE('',(#80),#767,.T.);
#32=ADVANCED_FACE('',(#81),#768,.T.);
#33=ADVANCED_FACE('',(#82),#769,.T.);
#34=ADVANCED_FACE('',(#83),#786,.F.);
#35=ADVANCED_FACE('',(#84),#770,.T.);
#36=ADVANCED_FACE('',(#85),#771,.T.);
#37=ADVANCED_FACE('',(#86),#787,.F.);
#38=ADVANCED_FACE('',(#87),#788,.F.);
#39=ADVANCED_FACE('',(#88),#789,.F.);
#40=ADVANCED_FACE('',(#89),#790,.T.);
#41=ADVANCED_FACE('',(#90),#791,.T.);
#42=ADVANCED_FACE('',(#91,#16),#772,.T.);
#43=ADVANCED_FACE('',(#92),#792,.T.);
#44=ADVANCED_FACE('',(#93),#773,.T.);
#45=ADVANCED_FACE('',(#94),#793,.T.);
#46=ADVANCED_FACE('',(#95),#774,.T.);
#47=ADVANCED_FACE('',(#96),#794,.T.);
#48=ADVANCED_FACE('',(#97,#17),#775,.T.);
#49=ADVANCED_FACE('',(#98,#18),#776,.T.);
#50=ADVANCED_FACE('',(#99),#756,.T.);
#51=ADVANCED_FACE('',(#100),#795,.F.);
#52=ADVANCED_FACE('',(#101),#796,.T.);
#53=ADVANCED_FACE('',(#102),#777,.T.);
#54=ADVANCED_FACE('',(#103),#797,.T.);
#55=ADVANCED_FACE('',(#104),#757,.T.);
#56=ADVANCED_FACE('',(#105,#19),#778,.T.);
#57=ADVANCED_FACE('',(#106),#779,.T.);
#58=ADVANCED_FACE('',(#107),#798,.F.);
#59=ADVANCED_FACE('',(#108),#799,.F.);
#60=ADVANCED_FACE('',(#109),#800,.F.);
#61=ADVANCED_FACE('',(#110),#801,.T.);
#62=ADVANCED_FACE('',(#111),#758,.T.);
#63=ADVANCED_FACE('',(#112),#802,.F.);
#64=ADVANCED_FACE('',(#113),#803,.T.);
#65=ADVANCED_FACE('',(#114),#780,.T.);
#66=ADVANCED_FACE('',(#115),#804,.T.);
#67=ADVANCED_FACE('',(#116),#759,.T.);
#68=ADVANCED_FACE('',(#117),#781,.T.);
#69=FACE_OUTER_BOUND('',#118,.T.);
#70=FACE_OUTER_BOUND('',#119,.T.);
#71=FACE_OUTER_BOUND('',#122,.T.);
#72=FACE_OUTER_BOUND('',#123,.T.);
#73=FACE_OUTER_BOUND('',#124,.T.);
#74=FACE_OUTER_BOUND('',#125,.T.);
#75=FACE_OUTER_BOUND('',#126,.T.);
#76=FACE_OUTER_BOUND('',#127,.T.);
#77=FACE_OUTER_BOUND('',#128,.T.);
#78=FACE_OUTER_BOUND('',#129,.T.);
#79=FACE_OUTER_BOUND('',#130,.T.);
#80=FACE_OUTER_BOUND('',#131,.T.);
#81=FACE_OUTER_BOUND('',#132,.T.);
#82=FACE_OUTER_BOUND('',#133,.T.);
#83=FACE_OUTER_BOUND('',#134,.T.);
#84=FACE_OUTER_BOUND('',#135,.T.);
#85=FACE_OUTER_BOUND('',#136,.T.);
#86=FACE_OUTER_BOUND('',#137,.T.);
#87=FACE_OUTER_BOUND('',#138,.T.);
#88=FACE_OUTER_BOUND('',#139,.T.);
#89=FACE_OUTER_BOUND('',#140,.T.);
#90=FACE_OUTER_BOUND('',#141,.T.);
#91=FACE_OUTER_BOUND('',#142,.T.);
#92=FACE_OUTER_BOUND('',#144,.T.);
#93=FACE_OUTER_BOUND('',#145,.T.);
#94=FACE_OUTER_BOUND('',#146,.T.);
#95=FACE_OUTER_BOUND('',#147,.T.);
#96=FACE_OUTER_BOUND('',#148,.T.);
#97=FACE_OUTER_BOUND('',#149,.T.);
#98=FACE_OUTER_BOUND('',#151,.T.);
#99=FACE_OUTER_BOUND('',#153,.T.);
#100=FACE_OUTER_BOUND('',#154,.T.);
#101=FACE_OUTER_BOUND('',#155,.T.);
#102=FACE_OUTER_BOUND('',#156,.T.);
#103=FACE_OUTER_BOUND('',#157,.T.);
#104=FACE_OUTER_BOUND('',#158,.T.);
#105=FACE_OUTER_BOUND('',#159,.T.);
#106=FACE_OUTER_BOUND('',#161,.T.);
#107=FACE_OUTER_BOUND('',#162,.T.);
#108=FACE_OUTER_BOUND('',#163,.T.);
#109=FACE_OUTER_BOUND('',#164,.T.);
#110=FACE_OUTER_BOUND('',#165,.T.);
#111=FACE_OUTER_BOUND('',#166,.T.);
#112=FACE_OUTER_BOUND('',#167,.T.);
#113=FACE_OUTER_BOUND('',#168,.T.);
#114=FACE_OUTER_BOUND('',#169,.T.);
#115=FACE_OUTER_BOUND('',#170,.T.);
#116=FACE_OUTER_BOUND('',#171,.T.);
#117=FACE_OUTER_BOUND('',#172,.T.);
#118=EDGE_LOOP('',(#173,#174,#175,#176,#177,#178,#179,#180,#181));
#119=EDGE_LOOP('',(#182,#183,#184,#185,#186,#187,#188,#189));
#120=EDGE_LOOP('',(#190,#191));
#121=EDGE_LOOP('',(#192,#193,#194,#195,#196,#197,#198,#199,#200,#201,#202,
#203,#204,#205,#206));
#122=EDGE_LOOP('',(#207,#208,#209,#210,#211,#212,#213,#214,#215,#216,#217,
#218,#219,#220,#221));
#123=EDGE_LOOP('',(#222,#223,#224,#225));
#124=EDGE_LOOP('',(#226,#227,#228,#229));
#125=EDGE_LOOP('',(#230,#231,#232,#233));
#126=EDGE_LOOP('',(#234,#235,#236,#237));
#127=EDGE_LOOP('',(#238,#239,#240,#241));
#128=EDGE_LOOP('',(#242,#243,#244,#245));
#129=EDGE_LOOP('',(#246,#247,#248,#249));
#130=EDGE_LOOP('',(#250,#251,#252,#253));
#131=EDGE_LOOP('',(#254,#255,#256,#257));
#132=EDGE_LOOP('',(#258,#259,#260,#261));
#133=EDGE_LOOP('',(#262,#263,#264,#265));
#134=EDGE_LOOP('',(#266,#267,#268,#269));
#135=EDGE_LOOP('',(#270,#271,#272,#273));
#136=EDGE_LOOP('',(#274,#275,#276,#277));
#137=EDGE_LOOP('',(#278,#279,#280,#281));
#138=EDGE_LOOP('',(#282,#283,#284,#285,#286,#287));
#139=EDGE_LOOP('',(#288,#289,#290,#291,#292));
#140=EDGE_LOOP('',(#293,#294,#295,#296));
#141=EDGE_LOOP('',(#297,#298,#299,#300));
#142=EDGE_LOOP('',(#301,#302,#303,#304));
#143=EDGE_LOOP('',(#305,#306));
#144=EDGE_LOOP('',(#307,#308,#309,#310));
#145=EDGE_LOOP('',(#311,#312,#313,#314));
#146=EDGE_LOOP('',(#315,#316,#317,#318));
#147=EDGE_LOOP('',(#319,#320,#321,#322));
#148=EDGE_LOOP('',(#323,#324,#325,#326));
#149=EDGE_LOOP('',(#327,#328,#329,#330));
#150=EDGE_LOOP('',(#331,#332));
#151=EDGE_LOOP('',(#333,#334,#335,#336,#337,#338,#339,#340));
#152=EDGE_LOOP('',(#341,#342));
#153=EDGE_LOOP('',(#343,#344,#345,#346));
#154=EDGE_LOOP('',(#347,#348,#349,#350));
#155=EDGE_LOOP('',(#351,#352,#353,#354));
#156=EDGE_LOOP('',(#355,#356,#357,#358));
#157=EDGE_LOOP('',(#359,#360,#361,#362));
#158=EDGE_LOOP('',(#363,#364,#365,#366));
#159=EDGE_LOOP('',(#367,#368));
#160=EDGE_LOOP('',(#369,#370));
#161=EDGE_LOOP('',(#371,#372,#373,#374));
#162=EDGE_LOOP('',(#375,#376,#377,#378,#379,#380,#381));
#163=EDGE_LOOP('',(#382,#383,#384,#385,#386,#387));
#164=EDGE_LOOP('',(#388,#389,#390,#391,#392));
#165=EDGE_LOOP('',(#393,#394,#395,#396));
#166=EDGE_LOOP('',(#397,#398,#399,#400));
#167=EDGE_LOOP('',(#401,#402,#403,#404));
#168=EDGE_LOOP('',(#405,#406,#407,#408));
#169=EDGE_LOOP('',(#409,#410,#411,#412));
#170=EDGE_LOOP('',(#413,#414,#415,#416));
#171=EDGE_LOOP('',(#417,#418,#419,#420));
#172=EDGE_LOOP('',(#421,#422,#423,#424));
#173=ORIENTED_EDGE('',*,*,#528,.T.);
#174=ORIENTED_EDGE('',*,*,#520,.T.);
#175=ORIENTED_EDGE('',*,*,#496,.F.);
#176=ORIENTED_EDGE('',*,*,#490,.T.);
#177=ORIENTED_EDGE('',*,*,#495,.T.);
#178=ORIENTED_EDGE('',*,*,#494,.T.);
#179=ORIENTED_EDGE('',*,*,#491,.T.);
#180=ORIENTED_EDGE('',*,*,#442,.F.);
#181=ORIENTED_EDGE('',*,*,#441,.T.);
#182=ORIENTED_EDGE('',*,*,#440,.F.);
#183=ORIENTED_EDGE('',*,*,#438,.F.);
#184=ORIENTED_EDGE('',*,*,#436,.F.);
#185=ORIENTED_EDGE('',*,*,#434,.F.);
#186=ORIENTED_EDGE('',*,*,#432,.F.);
#187=ORIENTED_EDGE('',*,*,#430,.F.);
#188=ORIENTED_EDGE('',*,*,#428,.F.);
#189=ORIENTED_EDGE('',*,*,#425,.F.);
#190=ORIENTED_EDGE('',*,*,#529,.F.);
#191=ORIENTED_EDGE('',*,*,#441,.F.);
#192=ORIENTED_EDGE('',*,*,#459,.F.);
#193=ORIENTED_EDGE('',*,*,#460,.F.);
#194=ORIENTED_EDGE('',*,*,#461,.F.);
#195=ORIENTED_EDGE('',*,*,#462,.F.);
#196=ORIENTED_EDGE('',*,*,#463,.F.);
#197=ORIENTED_EDGE('',*,*,#464,.F.);
#198=ORIENTED_EDGE('',*,*,#465,.F.);
#199=ORIENTED_EDGE('',*,*,#466,.F.);
#200=ORIENTED_EDGE('',*,*,#467,.F.);
#201=ORIENTED_EDGE('',*,*,#468,.F.);
#202=ORIENTED_EDGE('',*,*,#469,.F.);
#203=ORIENTED_EDGE('',*,*,#470,.F.);
#204=ORIENTED_EDGE('',*,*,#471,.F.);
#205=ORIENTED_EDGE('',*,*,#472,.F.);
#206=ORIENTED_EDGE('',*,*,#458,.F.);
#207=ORIENTED_EDGE('',*,*,#457,.F.);
#208=ORIENTED_EDGE('',*,*,#456,.F.);
#209=ORIENTED_EDGE('',*,*,#455,.F.);
#210=ORIENTED_EDGE('',*,*,#454,.F.);
#211=ORIENTED_EDGE('',*,*,#453,.F.);
#212=ORIENTED_EDGE('',*,*,#452,.F.);
#213=ORIENTED_EDGE('',*,*,#451,.F.);
#214=ORIENTED_EDGE('',*,*,#450,.F.);
#215=ORIENTED_EDGE('',*,*,#449,.F.);
#216=ORIENTED_EDGE('',*,*,#448,.F.);
#217=ORIENTED_EDGE('',*,*,#447,.F.);
#218=ORIENTED_EDGE('',*,*,#446,.F.);
#219=ORIENTED_EDGE('',*,*,#445,.F.);
#220=ORIENTED_EDGE('',*,*,#444,.F.);
#221=ORIENTED_EDGE('',*,*,#443,.F.);
#222=ORIENTED_EDGE('',*,*,#458,.T.);
#223=ORIENTED_EDGE('',*,*,#474,.T.);
#224=ORIENTED_EDGE('',*,*,#443,.T.);
#225=ORIENTED_EDGE('',*,*,#473,.F.);
#226=ORIENTED_EDGE('',*,*,#459,.T.);
#227=ORIENTED_EDGE('',*,*,#473,.T.);
#228=ORIENTED_EDGE('',*,*,#444,.T.);
#229=ORIENTED_EDGE('',*,*,#475,.F.);
#230=ORIENTED_EDGE('',*,*,#460,.T.);
#231=ORIENTED_EDGE('',*,*,#475,.T.);
#232=ORIENTED_EDGE('',*,*,#445,.T.);
#233=ORIENTED_EDGE('',*,*,#476,.F.);
#234=ORIENTED_EDGE('',*,*,#461,.T.);
#235=ORIENTED_EDGE('',*,*,#476,.T.);
#236=ORIENTED_EDGE('',*,*,#446,.T.);
#237=ORIENTED_EDGE('',*,*,#477,.F.);
#238=ORIENTED_EDGE('',*,*,#462,.T.);
#239=ORIENTED_EDGE('',*,*,#477,.T.);
#240=ORIENTED_EDGE('',*,*,#447,.T.);
#241=ORIENTED_EDGE('',*,*,#478,.F.);
#242=ORIENTED_EDGE('',*,*,#463,.T.);
#243=ORIENTED_EDGE('',*,*,#478,.T.);
#244=ORIENTED_EDGE('',*,*,#448,.T.);
#245=ORIENTED_EDGE('',*,*,#479,.F.);
#246=ORIENTED_EDGE('',*,*,#464,.T.);
#247=ORIENTED_EDGE('',*,*,#479,.T.);
#248=ORIENTED_EDGE('',*,*,#449,.T.);
#249=ORIENTED_EDGE('',*,*,#480,.F.);
#250=ORIENTED_EDGE('',*,*,#465,.T.);
#251=ORIENTED_EDGE('',*,*,#480,.T.);
#252=ORIENTED_EDGE('',*,*,#450,.T.);
#253=ORIENTED_EDGE('',*,*,#481,.F.);
#254=ORIENTED_EDGE('',*,*,#466,.T.);
#255=ORIENTED_EDGE('',*,*,#481,.T.);
#256=ORIENTED_EDGE('',*,*,#451,.T.);
#257=ORIENTED_EDGE('',*,*,#482,.F.);
#258=ORIENTED_EDGE('',*,*,#467,.T.);
#259=ORIENTED_EDGE('',*,*,#482,.T.);
#260=ORIENTED_EDGE('',*,*,#452,.T.);
#261=ORIENTED_EDGE('',*,*,#483,.F.);
#262=ORIENTED_EDGE('',*,*,#468,.T.);
#263=ORIENTED_EDGE('',*,*,#483,.T.);
#264=ORIENTED_EDGE('',*,*,#453,.T.);
#265=ORIENTED_EDGE('',*,*,#484,.F.);
#266=ORIENTED_EDGE('',*,*,#469,.T.);
#267=ORIENTED_EDGE('',*,*,#484,.T.);
#268=ORIENTED_EDGE('',*,*,#454,.T.);
#269=ORIENTED_EDGE('',*,*,#485,.F.);
#270=ORIENTED_EDGE('',*,*,#470,.T.);
#271=ORIENTED_EDGE('',*,*,#485,.T.);
#272=ORIENTED_EDGE('',*,*,#455,.T.);
#273=ORIENTED_EDGE('',*,*,#486,.F.);
#274=ORIENTED_EDGE('',*,*,#471,.T.);
#275=ORIENTED_EDGE('',*,*,#486,.T.);
#276=ORIENTED_EDGE('',*,*,#456,.T.);
#277=ORIENTED_EDGE('',*,*,#487,.F.);
#278=ORIENTED_EDGE('',*,*,#472,.T.);
#279=ORIENTED_EDGE('',*,*,#487,.T.);
#280=ORIENTED_EDGE('',*,*,#457,.T.);
#281=ORIENTED_EDGE('',*,*,#474,.F.);
#282=ORIENTED_EDGE('',*,*,#499,.F.);
#283=ORIENTED_EDGE('',*,*,#490,.F.);
#284=ORIENTED_EDGE('',*,*,#492,.F.);
#285=ORIENTED_EDGE('',*,*,#497,.T.);
#286=ORIENTED_EDGE('',*,*,#531,.F.);
#287=ORIENTED_EDGE('',*,*,#530,.F.);
#288=ORIENTED_EDGE('',*,*,#532,.T.);
#289=ORIENTED_EDGE('',*,*,#494,.F.);
#290=ORIENTED_EDGE('',*,*,#498,.T.);
#291=ORIENTED_EDGE('',*,*,#534,.F.);
#292=ORIENTED_EDGE('',*,*,#533,.F.);
#293=ORIENTED_EDGE('',*,*,#500,.F.);
#294=ORIENTED_EDGE('',*,*,#501,.T.);
#295=ORIENTED_EDGE('',*,*,#522,.F.);
#296=ORIENTED_EDGE('',*,*,#535,.F.);
#297=ORIENTED_EDGE('',*,*,#427,.F.);
#298=ORIENTED_EDGE('',*,*,#425,.T.);
#299=ORIENTED_EDGE('',*,*,#426,.T.);
#300=ORIENTED_EDGE('',*,*,#502,.F.);
#301=ORIENTED_EDGE('',*,*,#426,.F.);
#302=ORIENTED_EDGE('',*,*,#428,.T.);
#303=ORIENTED_EDGE('',*,*,#429,.T.);
#304=ORIENTED_EDGE('',*,*,#503,.F.);
#305=ORIENTED_EDGE('',*,*,#488,.T.);
#306=ORIENTED_EDGE('',*,*,#531,.T.);
#307=ORIENTED_EDGE('',*,*,#429,.F.);
#308=ORIENTED_EDGE('',*,*,#430,.T.);
#309=ORIENTED_EDGE('',*,*,#431,.T.);
#310=ORIENTED_EDGE('',*,*,#504,.F.);
#311=ORIENTED_EDGE('',*,*,#431,.F.);
#312=ORIENTED_EDGE('',*,*,#432,.T.);
#313=ORIENTED_EDGE('',*,*,#433,.T.);
#314=ORIENTED_EDGE('',*,*,#505,.F.);
#315=ORIENTED_EDGE('',*,*,#433,.F.);
#316=ORIENTED_EDGE('',*,*,#434,.T.);
#317=ORIENTED_EDGE('',*,*,#435,.T.);
#318=ORIENTED_EDGE('',*,*,#506,.F.);
#319=ORIENTED_EDGE('',*,*,#435,.F.);
#320=ORIENTED_EDGE('',*,*,#436,.T.);
#321=ORIENTED_EDGE('',*,*,#437,.T.);
#322=ORIENTED_EDGE('',*,*,#507,.F.);
#323=ORIENTED_EDGE('',*,*,#437,.F.);
#324=ORIENTED_EDGE('',*,*,#438,.T.);
#325=ORIENTED_EDGE('',*,*,#439,.T.);
#326=ORIENTED_EDGE('',*,*,#508,.F.);
#327=ORIENTED_EDGE('',*,*,#439,.F.);
#328=ORIENTED_EDGE('',*,*,#440,.T.);
#329=ORIENTED_EDGE('',*,*,#427,.T.);
#330=ORIENTED_EDGE('',*,*,#509,.F.);
#331=ORIENTED_EDGE('',*,*,#489,.T.);
#332=ORIENTED_EDGE('',*,*,#534,.T.);
#333=ORIENTED_EDGE('',*,*,#502,.T.);
#334=ORIENTED_EDGE('',*,*,#503,.T.);
#335=ORIENTED_EDGE('',*,*,#504,.T.);
#336=ORIENTED_EDGE('',*,*,#505,.T.);
#337=ORIENTED_EDGE('',*,*,#506,.T.);
#338=ORIENTED_EDGE('',*,*,#507,.T.);
#339=ORIENTED_EDGE('',*,*,#508,.T.);
#340=ORIENTED_EDGE('',*,*,#509,.T.);
#341=ORIENTED_EDGE('',*,*,#500,.T.);
#342=ORIENTED_EDGE('',*,*,#536,.T.);
#343=ORIENTED_EDGE('',*,*,#520,.F.);
#344=ORIENTED_EDGE('',*,*,#526,.T.);
#345=ORIENTED_EDGE('',*,*,#515,.T.);
#346=ORIENTED_EDGE('',*,*,#537,.F.);
#347=ORIENTED_EDGE('',*,*,#515,.F.);
#348=ORIENTED_EDGE('',*,*,#514,.T.);
#349=ORIENTED_EDGE('',*,*,#540,.F.);
#350=ORIENTED_EDGE('',*,*,#539,.F.);
#351=ORIENTED_EDGE('',*,*,#525,.F.);
#352=ORIENTED_EDGE('',*,*,#527,.T.);
#353=ORIENTED_EDGE('',*,*,#516,.T.);
#354=ORIENTED_EDGE('',*,*,#541,.F.);
#355=ORIENTED_EDGE('',*,*,#516,.F.);
#356=ORIENTED_EDGE('',*,*,#513,.T.);
#357=ORIENTED_EDGE('',*,*,#517,.T.);
#358=ORIENTED_EDGE('',*,*,#544,.F.);
#359=ORIENTED_EDGE('',*,*,#517,.F.);
#360=ORIENTED_EDGE('',*,*,#512,.T.);
#361=ORIENTED_EDGE('',*,*,#518,.T.);
#362=ORIENTED_EDGE('',*,*,#546,.F.);
#363=ORIENTED_EDGE('',*,*,#518,.F.);
#364=ORIENTED_EDGE('',*,*,#511,.T.);
#365=ORIENTED_EDGE('',*,*,#519,.T.);
#366=ORIENTED_EDGE('',*,*,#548,.F.);
#367=ORIENTED_EDGE('',*,*,#525,.T.);
#368=ORIENTED_EDGE('',*,*,#543,.T.);
#369=ORIENTED_EDGE('',*,*,#524,.T.);
#370=ORIENTED_EDGE('',*,*,#540,.T.);
#371=ORIENTED_EDGE('',*,*,#519,.F.);
#372=ORIENTED_EDGE('',*,*,#510,.T.);
#373=ORIENTED_EDGE('',*,*,#522,.T.);
#374=ORIENTED_EDGE('',*,*,#550,.F.);
#375=ORIENTED_EDGE('',*,*,#529,.T.);
#376=ORIENTED_EDGE('',*,*,#442,.T.);
#377=ORIENTED_EDGE('',*,*,#493,.T.);
#378=ORIENTED_EDGE('',*,*,#492,.T.);
#379=ORIENTED_EDGE('',*,*,#496,.T.);
#380=ORIENTED_EDGE('',*,*,#521,.T.);
#381=ORIENTED_EDGE('',*,*,#528,.F.);
#382=ORIENTED_EDGE('',*,*,#530,.T.);
#383=ORIENTED_EDGE('',*,*,#488,.F.);
#384=ORIENTED_EDGE('',*,*,#497,.F.);
#385=ORIENTED_EDGE('',*,*,#493,.F.);
#386=ORIENTED_EDGE('',*,*,#491,.F.);
#387=ORIENTED_EDGE('',*,*,#532,.F.);
#388=ORIENTED_EDGE('',*,*,#533,.T.);
#389=ORIENTED_EDGE('',*,*,#489,.F.);
#390=ORIENTED_EDGE('',*,*,#498,.F.);
#391=ORIENTED_EDGE('',*,*,#495,.F.);
#392=ORIENTED_EDGE('',*,*,#499,.T.);
#393=ORIENTED_EDGE('',*,*,#535,.T.);
#394=ORIENTED_EDGE('',*,*,#523,.F.);
#395=ORIENTED_EDGE('',*,*,#501,.F.);
#396=ORIENTED_EDGE('',*,*,#536,.F.);
#397=ORIENTED_EDGE('',*,*,#537,.T.);
#398=ORIENTED_EDGE('',*,*,#538,.T.);
#399=ORIENTED_EDGE('',*,*,#526,.F.);
#400=ORIENTED_EDGE('',*,*,#521,.F.);
#401=ORIENTED_EDGE('',*,*,#539,.T.);
#402=ORIENTED_EDGE('',*,*,#524,.F.);
#403=ORIENTED_EDGE('',*,*,#514,.F.);
#404=ORIENTED_EDGE('',*,*,#538,.F.);
#405=ORIENTED_EDGE('',*,*,#541,.T.);
#406=ORIENTED_EDGE('',*,*,#542,.T.);
#407=ORIENTED_EDGE('',*,*,#527,.F.);
#408=ORIENTED_EDGE('',*,*,#543,.F.);
#409=ORIENTED_EDGE('',*,*,#544,.T.);
#410=ORIENTED_EDGE('',*,*,#545,.T.);
#411=ORIENTED_EDGE('',*,*,#513,.F.);
#412=ORIENTED_EDGE('',*,*,#542,.F.);
#413=ORIENTED_EDGE('',*,*,#546,.T.);
#414=ORIENTED_EDGE('',*,*,#547,.T.);
#415=ORIENTED_EDGE('',*,*,#512,.F.);
#416=ORIENTED_EDGE('',*,*,#545,.F.);
#417=ORIENTED_EDGE('',*,*,#548,.T.);
#418=ORIENTED_EDGE('',*,*,#549,.T.);
#419=ORIENTED_EDGE('',*,*,#511,.F.);
#420=ORIENTED_EDGE('',*,*,#547,.F.);
#421=ORIENTED_EDGE('',*,*,#550,.T.);
#422=ORIENTED_EDGE('',*,*,#523,.T.);
#423=ORIENTED_EDGE('',*,*,#510,.F.);
#424=ORIENTED_EDGE('',*,*,#549,.F.);
#425=EDGE_CURVE('',#677,#678,#577,.T.);
#426=EDGE_CURVE('',#678,#726,#578,.T.);
#427=EDGE_CURVE('',#677,#725,#579,.T.);
#428=EDGE_CURVE('',#678,#679,#580,.T.);
#429=EDGE_CURVE('',#679,#727,#581,.T.);
#430=EDGE_CURVE('',#679,#680,#582,.T.);
#431=EDGE_CURVE('',#680,#728,#583,.T.);
#432=EDGE_CURVE('',#680,#681,#584,.T.);
#433=EDGE_CURVE('',#681,#729,#585,.T.);
#434=EDGE_CURVE('',#681,#682,#586,.T.);
#435=EDGE_CURVE('',#682,#730,#587,.T.);
#436=EDGE_CURVE('',#682,#683,#588,.T.);
#437=EDGE_CURVE('',#683,#731,#589,.T.);
#438=EDGE_CURVE('',#683,#684,#590,.T.);
#439=EDGE_CURVE('',#684,#732,#591,.T.);
#440=EDGE_CURVE('',#684,#677,#592,.T.);
#441=EDGE_CURVE('',#685,#744,#593,.T.);
#442=EDGE_CURVE('',#685,#721,#594,.T.);
#443=EDGE_CURVE('',#687,#686,#595,.T.);
#444=EDGE_CURVE('',#686,#688,#596,.T.);
#445=EDGE_CURVE('',#688,#689,#597,.T.);
#446=EDGE_CURVE('',#689,#690,#598,.T.);
#447=EDGE_CURVE('',#690,#691,#599,.T.);
#448=EDGE_CURVE('',#691,#692,#600,.T.);
#449=EDGE_CURVE('',#692,#693,#601,.T.);
#450=EDGE_CURVE('',#693,#694,#602,.T.);
#451=EDGE_CURVE('',#694,#695,#603,.T.);
#452=EDGE_CURVE('',#695,#696,#604,.T.);
#453=EDGE_CURVE('',#696,#697,#605,.T.);
#454=EDGE_CURVE('',#697,#698,#606,.T.);
#455=EDGE_CURVE('',#698,#699,#607,.T.);
#456=EDGE_CURVE('',#699,#700,#608,.T.);
#457=EDGE_CURVE('',#700,#687,#609,.T.);
#458=EDGE_CURVE('',#701,#702,#610,.T.);
#459=EDGE_CURVE('',#703,#701,#611,.T.);
#460=EDGE_CURVE('',#704,#703,#612,.T.);
#461=EDGE_CURVE('',#705,#704,#613,.T.);
#462=EDGE_CURVE('',#706,#705,#614,.T.);
#463=EDGE_CURVE('',#707,#706,#615,.T.);
#464=EDGE_CURVE('',#708,#707,#616,.T.);
#465=EDGE_CURVE('',#709,#708,#617,.T.);
#466=EDGE_CURVE('',#710,#709,#618,.T.);
#467=EDGE_CURVE('',#711,#710,#619,.T.);
#468=EDGE_CURVE('',#712,#711,#620,.T.);
#469=EDGE_CURVE('',#713,#712,#621,.T.);
#470=EDGE_CURVE('',#714,#713,#622,.T.);
#471=EDGE_CURVE('',#715,#714,#623,.T.);
#472=EDGE_CURVE('',#702,#715,#624,.T.);
#473=EDGE_CURVE('',#701,#686,#625,.T.);
#474=EDGE_CURVE('',#702,#687,#626,.T.);
#475=EDGE_CURVE('',#703,#688,#627,.T.);
#476=EDGE_CURVE('',#704,#689,#628,.T.);
#477=EDGE_CURVE('',#705,#690,#629,.T.);
#478=EDGE_CURVE('',#706,#691,#630,.T.);
#479=EDGE_CURVE('',#707,#692,#631,.T.);
#480=EDGE_CURVE('',#708,#693,#632,.T.);
#481=EDGE_CURVE('',#709,#694,#633,.T.);
#482=EDGE_CURVE('',#710,#695,#634,.T.);
#483=EDGE_CURVE('',#711,#696,#635,.T.);
#484=EDGE_CURVE('',#712,#697,#636,.T.);
#485=EDGE_CURVE('',#713,#698,#637,.T.);
#486=EDGE_CURVE('',#714,#699,#638,.T.);
#487=EDGE_CURVE('',#715,#700,#639,.T.);
#488=EDGE_CURVE('',#716,#746,#640,.T.);
#489=EDGE_CURVE('',#717,#747,#641,.T.);
#490=EDGE_CURVE('',#718,#719,#551,.T.);
#491=EDGE_CURVE('',#720,#721,#552,.T.);
#492=EDGE_CURVE('',#722,#718,#553,.T.);
#493=EDGE_CURVE('',#721,#722,#554,.T.);
#494=EDGE_CURVE('',#723,#720,#555,.T.);
#495=EDGE_CURVE('',#719,#723,#556,.T.);
#496=EDGE_CURVE('',#718,#739,#642,.T.);
#497=EDGE_CURVE('',#722,#716,#557,.T.);
#498=EDGE_CURVE('',#723,#717,#558,.T.);
#499=EDGE_CURVE('',#719,#745,#559,.T.);
#500=EDGE_CURVE('',#724,#748,#643,.T.);
#501=EDGE_CURVE('',#724,#741,#644,.T.);
#502=EDGE_CURVE('',#725,#726,#645,.T.);
#503=EDGE_CURVE('',#726,#727,#646,.T.);
#504=EDGE_CURVE('',#727,#728,#647,.T.);
#505=EDGE_CURVE('',#728,#729,#648,.T.);
#506=EDGE_CURVE('',#729,#730,#649,.T.);
#507=EDGE_CURVE('',#730,#731,#650,.T.);
#508=EDGE_CURVE('',#731,#732,#651,.T.);
#509=EDGE_CURVE('',#732,#725,#652,.T.);
#510=EDGE_CURVE('',#733,#740,#560,.T.);
#511=EDGE_CURVE('',#734,#733,#561,.T.);
#512=EDGE_CURVE('',#735,#734,#562,.T.);
#513=EDGE_CURVE('',#736,#735,#563,.T.);
#514=EDGE_CURVE('',#737,#742,#564,.T.);
#515=EDGE_CURVE('',#737,#749,#653,.T.);
#516=EDGE_CURVE('',#736,#752,#654,.T.);
#517=EDGE_CURVE('',#735,#753,#655,.T.);
#518=EDGE_CURVE('',#734,#754,#656,.T.);
#519=EDGE_CURVE('',#733,#755,#657,.T.);
#520=EDGE_CURVE('',#738,#739,#658,.T.);
#521=EDGE_CURVE('',#739,#738,#659,.T.);
#522=EDGE_CURVE('',#740,#741,#660,.T.);
#523=EDGE_CURVE('',#741,#740,#661,.T.);
#524=EDGE_CURVE('',#742,#750,#662,.T.);
#525=EDGE_CURVE('',#743,#751,#663,.T.);
#526=EDGE_CURVE('',#738,#737,#565,.T.);
#527=EDGE_CURVE('',#743,#736,#566,.T.);
#528=EDGE_CURVE('',#744,#738,#664,.T.);
#529=EDGE_CURVE('',#744,#685,#665,.T.);
#530=EDGE_CURVE('',#745,#746,#567,.T.);
#531=EDGE_CURVE('',#746,#716,#666,.T.);
#532=EDGE_CURVE('',#745,#720,#568,.T.);
#533=EDGE_CURVE('',#745,#747,#569,.T.);
#534=EDGE_CURVE('',#747,#717,#667,.T.);
#535=EDGE_CURVE('',#748,#740,#668,.T.);
#536=EDGE_CURVE('',#748,#724,#669,.T.);
#537=EDGE_CURVE('',#739,#749,#570,.T.);
#538=EDGE_CURVE('',#749,#737,#670,.T.);
#539=EDGE_CURVE('',#749,#750,#571,.T.);
#540=EDGE_CURVE('',#750,#742,#671,.T.);
#541=EDGE_CURVE('',#751,#752,#572,.T.);
#542=EDGE_CURVE('',#752,#736,#672,.T.);
#543=EDGE_CURVE('',#751,#743,#673,.T.);
#544=EDGE_CURVE('',#752,#753,#573,.T.);
#545=EDGE_CURVE('',#753,#735,#674,.T.);
#546=EDGE_CURVE('',#753,#754,#574,.T.);
#547=EDGE_CURVE('',#754,#734,#675,.T.);
#548=EDGE_CURVE('',#754,#755,#575,.T.);
#549=EDGE_CURVE('',#755,#733,#676,.T.);
#550=EDGE_CURVE('',#755,#741,#576,.T.);
#551=B_SPLINE_CURVE_WITH_KNOTS('',3,(#1349,#1350,#1351,#1352,#1353,#1354),
 .UNSPECIFIED.,.F.,.F.,(4,2,4),(0.,0.0588081749153316,0.0688679909401183),
 .UNSPECIFIED.);
#552=B_SPLINE_CURVE_WITH_KNOTS('',3,(#1355,#1356,#1357,#1358,#1359,#1360),
 .UNSPECIFIED.,.F.,.F.,(4,2,4),(0.165421713598181,0.175481529620474,0.234289704552493),
 .UNSPECIFIED.);
#553=B_SPLINE_CURVE_WITH_KNOTS('',3,(#1361,#1362,#1363,#1364,#1365,#1366,
#1367,#1368,#1369,#1370,#1371,#1372,#1373),.UNSPECIFIED.,.F.,.F.,(4,2,2,
2,3,4),(0.,0.0155762636193729,0.0299184884766773,0.059156512876362,0.118763394201821,
0.11943154992364),.UNSPECIFIED.);
#554=B_SPLINE_CURVE_WITH_KNOTS('',3,(#1374,#1375,#1376,#1377,#1378,#1379,
#1380,#1381,#1382,#1383,#1384,#1385,#1386),.UNSPECIFIED.,.F.,.F.,(4,3,2,
2,2,4),(0.,0.000668155721819646,0.0602781000104478,0.0895211864968317,0.104323195207515,
0.119427340146205),.UNSPECIFIED.);
#555=B_SPLINE_CURVE_WITH_KNOTS('',3,(#1387,#1388,#1389,#1390,#1391,#1392,
#1393,#1394,#1395,#1396,#1397,#1398,#1399,#1400,#1401,#1402,#1403,#1404),
 .UNSPECIFIED.,.F.,.F.,(4,2,2,2,3,3,2,4),(0.,0.0152770972949665,0.0302505350520321,
0.0598373304340228,0.120153899753364,0.120822054969558,0.182003867207106,
0.193667253098911),.UNSPECIFIED.);
#556=B_SPLINE_CURVE_WITH_KNOTS('',3,(#1405,#1406,#1407,#1408,#1409,#1410,
#1411,#1412,#1413,#1414,#1415,#1416,#1417,#1418,#1419,#1420,#1421,#1422),
 .UNSPECIFIED.,.F.,.F.,(4,2,3,3,2,2,2,4),(0.291755373562222,0.30341875908307,
0.364600569386347,0.365268724602542,0.425585295003568,0.455172090933839,
0.470145528708975,0.485422624326714),.UNSPECIFIED.);
#557=B_SPLINE_CURVE_WITH_KNOTS('',1,(#1425,#1426),.UNSPECIFIED.,.F.,.F.,
(2,2),(0.12091824380457,0.332983926886695),.UNSPECIFIED.);
#558=B_SPLINE_CURVE_WITH_KNOTS('',1,(#1427,#1428),.UNSPECIFIED.,.F.,.F.,
(2,2),(0.1218111073874,0.33387679046955),.UNSPECIFIED.);
#559=B_SPLINE_CURVE_WITH_KNOTS('',3,(#1429,#1430,#1431,#1432),
 .UNSPECIFIED.,.F.,.F.,(4,4),(0.0875129462418682,0.135203348771659),
 .UNSPECIFIED.);
#560=B_SPLINE_CURVE_WITH_KNOTS('',1,(#1464,#1465),.UNSPECIFIED.,.F.,.F.,
(2,2),(0.590852733389482,0.591852733389476),.UNSPECIFIED.);
#561=B_SPLINE_CURVE_WITH_KNOTS('',1,(#1466,#1467),.UNSPECIFIED.,.F.,.F.,
(2,2),(0.576003490984561,0.590852733389482),.UNSPECIFIED.);
#562=B_SPLINE_CURVE_WITH_KNOTS('',1,(#1468,#1469),.UNSPECIFIED.,.F.,.F.,
(2,2),(0.53400349098456,0.576003490984561),.UNSPECIFIED.);
#563=B_SPLINE_CURVE_WITH_KNOTS('',1,(#1470,#1471),.UNSPECIFIED.,.F.,.F.,
(2,2),(0.526003490984557,0.53400349098456),.UNSPECIFIED.);
#564=B_SPLINE_CURVE_WITH_KNOTS('',1,(#1472,#1473),.UNSPECIFIED.,.F.,.F.,
(2,2),(0.162358830043859,0.352003490984536),.UNSPECIFIED.);
#565=B_SPLINE_CURVE_WITH_KNOTS('',1,(#1529,#1530),.UNSPECIFIED.,.F.,.F.,
(2,2),(0.0852277323065077,0.162358830043859),.UNSPECIFIED.);
#566=B_SPLINE_CURVE_WITH_KNOTS('',1,(#1531,#1532),.UNSPECIFIED.,.F.,.F.,
(2,2),(0.486003490984563,0.526003490984557),.UNSPECIFIED.);
#567=B_SPLINE_CURVE_WITH_KNOTS('',1,(#1540,#1541),.UNSPECIFIED.,.F.,.F.,
(2,2),(0.153320191399937,0.332983926886695),.UNSPECIFIED.);
#568=B_SPLINE_CURVE_WITH_KNOTS('',3,(#1547,#1548,#1549,#1550),
 .UNSPECIFIED.,.F.,.F.,(4,4),(0.135203348771659,0.182864669811782),
 .UNSPECIFIED.);
#569=B_SPLINE_CURVE_WITH_KNOTS('',1,(#1551,#1552),.UNSPECIFIED.,.F.,.F.,
(2,2),(0.151540525569164,0.33387679046955),.UNSPECIFIED.);
#570=B_SPLINE_CURVE_WITH_KNOTS('',1,(#1565,#1566),.UNSPECIFIED.,.F.,.F.,
(2,2),(0.0852277323064683,0.162358830043859),.UNSPECIFIED.);
#571=B_SPLINE_CURVE_WITH_KNOTS('',1,(#1572,#1573),.UNSPECIFIED.,.F.,.F.,
(2,2),(0.162358830043859,0.352003490984536),.UNSPECIFIED.);
#572=B_SPLINE_CURVE_WITH_KNOTS('',1,(#1579,#1580),.UNSPECIFIED.,.F.,.F.,
(2,2),(0.486003490984563,0.526003490984557),.UNSPECIFIED.);
#573=B_SPLINE_CURVE_WITH_KNOTS('',1,(#1591,#1592),.UNSPECIFIED.,.F.,.F.,
(2,2),(0.526003490984557,0.53400349098456),.UNSPECIFIED.);
#574=B_SPLINE_CURVE_WITH_KNOTS('',1,(#1598,#1599),.UNSPECIFIED.,.F.,.F.,
(2,2),(0.53400349098456,0.576003490984561),.UNSPECIFIED.);
#575=B_SPLINE_CURVE_WITH_KNOTS('',1,(#1605,#1606),.UNSPECIFIED.,.F.,.F.,
(2,2),(0.576003490984561,0.590852733389482),.UNSPECIFIED.);
#576=B_SPLINE_CURVE_WITH_KNOTS('',1,(#1612,#1613),.UNSPECIFIED.,.F.,.F.,
(2,2),(0.590852733389482,0.591852733389438),.UNSPECIFIED.);
#577=(
BOUNDED_CURVE()
B_SPLINE_CURVE(2,(#1156,#1157,#1158),.UNSPECIFIED.,.F.,.F.)
B_SPLINE_CURVE_WITH_KNOTS((3,3),(-3.39012896448108,-3.27030139251692),
 .UNSPECIFIED.)
CURVE()
GEOMETRIC_REPRESENTATION_ITEM()
RATIONAL_B_SPLINE_CURVE((1.,0.980123630974073,1.))
REPRESENTATION_ITEM('')
);
#578=(
BOUNDED_CURVE()
B_SPLINE_CURVE(1,(#1159,#1160),.UNSPECIFIED.,.F.,.F.)
B_SPLINE_CURVE_WITH_KNOTS((2,2),(0.,0.17),.UNSPECIFIED.)
CURVE()
GEOMETRIC_REPRESENTATION_ITEM()
RATIONAL_B_SPLINE_CURVE((1.,1.))
REPRESENTATION_ITEM('')
);
#579=(
BOUNDED_CURVE()
B_SPLINE_CURVE(1,(#1161,#1162),.UNSPECIFIED.,.F.,.F.)
B_SPLINE_CURVE_WITH_KNOTS((2,2),(0.,0.17),.UNSPECIFIED.)
CURVE()
GEOMETRIC_REPRESENTATION_ITEM()
RATIONAL_B_SPLINE_CURVE((1.,1.))
REPRESENTATION_ITEM('')
);
#580=(
BOUNDED_CURVE()
B_SPLINE_CURVE(2,(#1163,#1164,#1165),.UNSPECIFIED.,.F.,.F.)
B_SPLINE_CURVE_WITH_KNOTS((3,3),(-3.27030139251692,-2.93863891348137),
 .UNSPECIFIED.)
CURVE()
GEOMETRIC_REPRESENTATION_ITEM()
RATIONAL_B_SPLINE_CURVE((1.,1.,1.))
REPRESENTATION_ITEM('')
);
#581=(
BOUNDED_CURVE()
B_SPLINE_CURVE(1,(#1166,#1167),.UNSPECIFIED.,.F.,.F.)
B_SPLINE_CURVE_WITH_KNOTS((2,2),(0.,0.17),.UNSPECIFIED.)
CURVE()
GEOMETRIC_REPRESENTATION_ITEM()
RATIONAL_B_SPLINE_CURVE((1.,1.))
REPRESENTATION_ITEM('')
);
#582=(
BOUNDED_CURVE()
B_SPLINE_CURVE(2,(#1168,#1169,#1170),.UNSPECIFIED.,.F.,.F.)
B_SPLINE_CURVE_WITH_KNOTS((3,3),(-2.93863891348137,-2.8188113415172),
 .UNSPECIFIED.)
CURVE()
GEOMETRIC_REPRESENTATION_ITEM()
RATIONAL_B_SPLINE_CURVE((1.,0.980123630974079,1.))
REPRESENTATION_ITEM('')
);
#583=(
BOUNDED_CURVE()
B_SPLINE_CURVE(1,(#1171,#1172),.UNSPECIFIED.,.F.,.F.)
B_SPLINE_CURVE_WITH_KNOTS((2,2),(0.,0.17),.UNSPECIFIED.)
CURVE()
GEOMETRIC_REPRESENTATION_ITEM()
RATIONAL_B_SPLINE_CURVE((1.,1.))
REPRESENTATION_ITEM('')
);
#584=(
BOUNDED_CURVE()
B_SPLINE_CURVE(2,(#1173,#1174,#1175),.UNSPECIFIED.,.F.,.F.)
B_SPLINE_CURVE_WITH_KNOTS((3,3),(-2.8188113415172,-2.48714886248166),
 .UNSPECIFIED.)
CURVE()
GEOMETRIC_REPRESENTATION_ITEM()
RATIONAL_B_SPLINE_CURVE((1.,1.,1.))
REPRESENTATION_ITEM('')
);
#585=(
BOUNDED_CURVE()
B_SPLINE_CURVE(1,(#1176,#1177),.UNSPECIFIED.,.F.,.F.)
B_SPLINE_CURVE_WITH_KNOTS((2,2),(0.,0.17),.UNSPECIFIED.)
CURVE()
GEOMETRIC_REPRESENTATION_ITEM()
RATIONAL_B_SPLINE_CURVE((1.,1.))
REPRESENTATION_ITEM('')
);
#586=(
BOUNDED_CURVE()
B_SPLINE_CURVE(2,(#1178,#1179,#1180),.UNSPECIFIED.,.F.,.F.)
B_SPLINE_CURVE_WITH_KNOTS((3,3),(-2.48714886248166,-2.36732129051748),
 .UNSPECIFIED.)
CURVE()
GEOMETRIC_REPRESENTATION_ITEM()
RATIONAL_B_SPLINE_CURVE((1.,0.980123630974078,1.))
REPRESENTATION_ITEM('')
);
#587=(
BOUNDED_CURVE()
B_SPLINE_CURVE(1,(#1181,#1182),.UNSPECIFIED.,.F.,.F.)
B_SPLINE_CURVE_WITH_KNOTS((2,2),(0.,0.17),.UNSPECIFIED.)
CURVE()
GEOMETRIC_REPRESENTATION_ITEM()
RATIONAL_B_SPLINE_CURVE((1.,1.))
REPRESENTATION_ITEM('')
);
#588=(
BOUNDED_CURVE()
B_SPLINE_CURVE(2,(#1183,#1184,#1185),.UNSPECIFIED.,.F.,.F.)
B_SPLINE_CURVE_WITH_KNOTS((3,3),(-2.36732129051748,-2.03565881148193),
 .UNSPECIFIED.)
CURVE()
GEOMETRIC_REPRESENTATION_ITEM()
RATIONAL_B_SPLINE_CURVE((1.,1.,1.))
REPRESENTATION_ITEM('')
);
#589=(
BOUNDED_CURVE()
B_SPLINE_CURVE(1,(#1186,#1187),.UNSPECIFIED.,.F.,.F.)
B_SPLINE_CURVE_WITH_KNOTS((2,2),(0.,0.17),.UNSPECIFIED.)
CURVE()
GEOMETRIC_REPRESENTATION_ITEM()
RATIONAL_B_SPLINE_CURVE((1.,1.))
REPRESENTATION_ITEM('')
);
#590=(
BOUNDED_CURVE()
B_SPLINE_CURVE(2,(#1188,#1189,#1190),.UNSPECIFIED.,.F.,.F.)
B_SPLINE_CURVE_WITH_KNOTS((3,3),(-2.03565881148193,-1.91583123951777),
 .UNSPECIFIED.)
CURVE()
GEOMETRIC_REPRESENTATION_ITEM()
RATIONAL_B_SPLINE_CURVE((1.,0.98012363097408,1.))
REPRESENTATION_ITEM('')
);
#591=(
BOUNDED_CURVE()
B_SPLINE_CURVE(1,(#1191,#1192),.UNSPECIFIED.,.F.,.F.)
B_SPLINE_CURVE_WITH_KNOTS((2,2),(0.,0.17),.UNSPECIFIED.)
CURVE()
GEOMETRIC_REPRESENTATION_ITEM()
RATIONAL_B_SPLINE_CURVE((1.,1.))
REPRESENTATION_ITEM('')
);
#592=(
BOUNDED_CURVE()
B_SPLINE_CURVE(2,(#1193,#1194,#1195),.UNSPECIFIED.,.F.,.F.)
B_SPLINE_CURVE_WITH_KNOTS((3,3),(-1.91583123951777,-1.58416876048223),
 .UNSPECIFIED.)
CURVE()
GEOMETRIC_REPRESENTATION_ITEM()
RATIONAL_B_SPLINE_CURVE((1.,1.,1.))
REPRESENTATION_ITEM('')
);
#593=(
BOUNDED_CURVE()
B_SPLINE_CURVE(2,(#1196,#1197,#1198,#1199,#1200),.UNSPECIFIED.,.F.,.F.)
B_SPLINE_CURVE_WITH_KNOTS((3,2,3),(-1.58416876048223,-1.4604840103409,-1.33679926019957),
 .UNSPECIFIED.)
CURVE()
GEOMETRIC_REPRESENTATION_ITEM()
RATIONAL_B_SPLINE_CURVE((1.,0.707106781186548,1.,0.707106781186548,1.))
REPRESENTATION_ITEM('')
);
#594=(
BOUNDED_CURVE()
B_SPLINE_CURVE(1,(#1201,#1202),.UNSPECIFIED.,.F.,.F.)
B_SPLINE_CURVE_WITH_KNOTS((2,2),(0.,0.0166713988878176),.UNSPECIFIED.)
CURVE()
GEOMETRIC_REPRESENTATION_ITEM()
RATIONAL_B_SPLINE_CURVE((1.,1.))
REPRESENTATION_ITEM('')
);
#595=(
BOUNDED_CURVE()
B_SPLINE_CURVE(2,(#1203,#1204,#1205),.UNSPECIFIED.,.F.,.F.)
B_SPLINE_CURVE_WITH_KNOTS((3,3),(-1.38587423717917,-1.35649923717915),
 .UNSPECIFIED.)
CURVE()
GEOMETRIC_REPRESENTATION_ITEM()
RATIONAL_B_SPLINE_CURVE((1.,1.,1.))
REPRESENTATION_ITEM('')
);
#596=(
BOUNDED_CURVE()
B_SPLINE_CURVE(2,(#1206,#1207,#1208),.UNSPECIFIED.,.F.,.F.)
B_SPLINE_CURVE_WITH_KNOTS((3,3),(-1.35649923717915,-1.33712411820593),
 .UNSPECIFIED.)
CURVE()
GEOMETRIC_REPRESENTATION_ITEM()
RATIONAL_B_SPLINE_CURVE((1.,1.,1.))
REPRESENTATION_ITEM('')
);
#597=(
BOUNDED_CURVE()
B_SPLINE_CURVE(2,(#1209,#1210,#1211,#1212,#1213),.UNSPECIFIED.,.F.,.F.)
B_SPLINE_CURVE_WITH_KNOTS((3,2,3),(-1.33712411820593,-1.31258042559976,
-1.28803673299359),.UNSPECIFIED.)
CURVE()
GEOMETRIC_REPRESENTATION_ITEM()
RATIONAL_B_SPLINE_CURVE((1.,0.707106781186548,1.,0.707106781186548,1.))
REPRESENTATION_ITEM('')
);
#598=(
BOUNDED_CURVE()
B_SPLINE_CURVE(2,(#1214,#1215,#1216),.UNSPECIFIED.,.F.,.F.)
B_SPLINE_CURVE_WITH_KNOTS((3,3),(-1.28803673299359,-1.26866169111241),
 .UNSPECIFIED.)
CURVE()
GEOMETRIC_REPRESENTATION_ITEM()
RATIONAL_B_SPLINE_CURVE((1.,1.,1.))
REPRESENTATION_ITEM('')
);
#599=(
BOUNDED_CURVE()
B_SPLINE_CURVE(2,(#1217,#1218,#1219),.UNSPECIFIED.,.F.,.F.)
B_SPLINE_CURVE_WITH_KNOTS((3,3),(-1.26866169111241,-1.16428669111241),
 .UNSPECIFIED.)
CURVE()
GEOMETRIC_REPRESENTATION_ITEM()
RATIONAL_B_SPLINE_CURVE((1.,1.,1.))
REPRESENTATION_ITEM('')
);
#600=(
BOUNDED_CURVE()
B_SPLINE_CURVE(2,(#1220,#1221,#1222),.UNSPECIFIED.,.F.,.F.)
B_SPLINE_CURVE_WITH_KNOTS((3,3),(-1.16428669111241,-1.13974299850624),
 .UNSPECIFIED.)
CURVE()
GEOMETRIC_REPRESENTATION_ITEM()
RATIONAL_B_SPLINE_CURVE((1.,0.707106781186025,1.))
REPRESENTATION_ITEM('')
);
#601=(
BOUNDED_CURVE()
B_SPLINE_CURVE(2,(#1223,#1224,#1225),.UNSPECIFIED.,.F.,.F.)
B_SPLINE_CURVE_WITH_KNOTS((3,3),(-1.13974299850624,-1.10474298767694),
 .UNSPECIFIED.)
CURVE()
GEOMETRIC_REPRESENTATION_ITEM()
RATIONAL_B_SPLINE_CURVE((1.,1.,1.))
REPRESENTATION_ITEM('')
);
#602=(
BOUNDED_CURVE()
B_SPLINE_CURVE(2,(#1226,#1227,#1228,#1229,#1230),.UNSPECIFIED.,.F.,.F.)
B_SPLINE_CURVE_WITH_KNOTS((3,2,3),(-1.10474298767694,-1.08019929507077,
-1.0556556024646),.UNSPECIFIED.)
CURVE()
GEOMETRIC_REPRESENTATION_ITEM()
RATIONAL_B_SPLINE_CURVE((1.,0.707106781186548,1.,0.707106781186548,1.))
REPRESENTATION_ITEM('')
);
#603=(
BOUNDED_CURVE()
B_SPLINE_CURVE(2,(#1231,#1232,#1233),.UNSPECIFIED.,.F.,.F.)
B_SPLINE_CURVE_WITH_KNOTS((3,3),(-1.0556556024646,-1.03628057843012),
 .UNSPECIFIED.)
CURVE()
GEOMETRIC_REPRESENTATION_ITEM()
RATIONAL_B_SPLINE_CURVE((1.,1.,1.))
REPRESENTATION_ITEM('')
);
#604=(
BOUNDED_CURVE()
B_SPLINE_CURVE(2,(#1234,#1235,#1236),.UNSPECIFIED.,.F.,.F.)
B_SPLINE_CURVE_WITH_KNOTS((3,3),(-1.03628057843012,-1.00753057843013),
 .UNSPECIFIED.)
CURVE()
GEOMETRIC_REPRESENTATION_ITEM()
RATIONAL_B_SPLINE_CURVE((1.,1.,1.))
REPRESENTATION_ITEM('')
);
#605=(
BOUNDED_CURVE()
B_SPLINE_CURVE(2,(#1237,#1238,#1239),.UNSPECIFIED.,.F.,.F.)
B_SPLINE_CURVE_WITH_KNOTS((3,3),(-1.00753057843013,-0.98815556666018),
 .UNSPECIFIED.)
CURVE()
GEOMETRIC_REPRESENTATION_ITEM()
RATIONAL_B_SPLINE_CURVE((1.,1.,1.))
REPRESENTATION_ITEM('')
);
#606=(
BOUNDED_CURVE()
B_SPLINE_CURVE(2,(#1240,#1241,#1242,#1243,#1244),.UNSPECIFIED.,.F.,.F.)
B_SPLINE_CURVE_WITH_KNOTS((3,2,3),(-0.98815556666018,-0.96361187405401,
-0.93906818144784),.UNSPECIFIED.)
CURVE()
GEOMETRIC_REPRESENTATION_ITEM()
RATIONAL_B_SPLINE_CURVE((1.,0.707106781186548,1.,0.707106781186548,1.))
REPRESENTATION_ITEM('')
);
#607=(
BOUNDED_CURVE()
B_SPLINE_CURVE(2,(#1245,#1246,#1247),.UNSPECIFIED.,.F.,.F.)
B_SPLINE_CURVE_WITH_KNOTS((3,3),(-0.93906818144784,-0.919693164734486),
 .UNSPECIFIED.)
CURVE()
GEOMETRIC_REPRESENTATION_ITEM()
RATIONAL_B_SPLINE_CURVE((1.,1.,1.))
REPRESENTATION_ITEM('')
);
#608=(
BOUNDED_CURVE()
B_SPLINE_CURVE(2,(#1248,#1249,#1250),.UNSPECIFIED.,.F.,.F.)
B_SPLINE_CURVE_WITH_KNOTS((3,3),(-0.919693164734486,-0.830318164734475),
 .UNSPECIFIED.)
CURVE()
GEOMETRIC_REPRESENTATION_ITEM()
RATIONAL_B_SPLINE_CURVE((1.,1.,1.))
REPRESENTATION_ITEM('')
);
#609=(
BOUNDED_CURVE()
B_SPLINE_CURVE(2,(#1251,#1252,#1253,#1254,#1255),.UNSPECIFIED.,.F.,.F.)
B_SPLINE_CURVE_WITH_KNOTS((3,2,3),(-0.830318164734475,-0.805774472128305,
-0.781230779522134),.UNSPECIFIED.)
CURVE()
GEOMETRIC_REPRESENTATION_ITEM()
RATIONAL_B_SPLINE_CURVE((1.,0.707106781186548,1.,0.707106781186548,1.))
REPRESENTATION_ITEM('')
);
#610=(
BOUNDED_CURVE()
B_SPLINE_CURVE(2,(#1256,#1257,#1258),.UNSPECIFIED.,.F.,.F.)
B_SPLINE_CURVE_WITH_KNOTS((3,3),(1.35649923717915,1.38587423717917),
 .UNSPECIFIED.)
CURVE()
GEOMETRIC_REPRESENTATION_ITEM()
RATIONAL_B_SPLINE_CURVE((1.,1.,1.))
REPRESENTATION_ITEM('')
);
#611=(
BOUNDED_CURVE()
B_SPLINE_CURVE(2,(#1259,#1260,#1261),.UNSPECIFIED.,.F.,.F.)
B_SPLINE_CURVE_WITH_KNOTS((3,3),(1.33712411820593,1.35649923717915),
 .UNSPECIFIED.)
CURVE()
GEOMETRIC_REPRESENTATION_ITEM()
RATIONAL_B_SPLINE_CURVE((1.,1.,1.))
REPRESENTATION_ITEM('')
);
#612=(
BOUNDED_CURVE()
B_SPLINE_CURVE(2,(#1262,#1263,#1264,#1265,#1266),.UNSPECIFIED.,.F.,.F.)
B_SPLINE_CURVE_WITH_KNOTS((3,2,3),(1.28803673299359,1.31258042559976,1.33712411820593),
 .UNSPECIFIED.)
CURVE()
GEOMETRIC_REPRESENTATION_ITEM()
RATIONAL_B_SPLINE_CURVE((1.,0.707106781186566,1.,0.707106781186566,1.))
REPRESENTATION_ITEM('')
);
#613=(
BOUNDED_CURVE()
B_SPLINE_CURVE(2,(#1267,#1268,#1269),.UNSPECIFIED.,.F.,.F.)
B_SPLINE_CURVE_WITH_KNOTS((3,3),(1.26866169111241,1.28803673299359),
 .UNSPECIFIED.)
CURVE()
GEOMETRIC_REPRESENTATION_ITEM()
RATIONAL_B_SPLINE_CURVE((1.,1.,1.))
REPRESENTATION_ITEM('')
);
#614=(
BOUNDED_CURVE()
B_SPLINE_CURVE(2,(#1270,#1271,#1272),.UNSPECIFIED.,.F.,.F.)
B_SPLINE_CURVE_WITH_KNOTS((3,3),(1.16428669111241,1.26866169111241),
 .UNSPECIFIED.)
CURVE()
GEOMETRIC_REPRESENTATION_ITEM()
RATIONAL_B_SPLINE_CURVE((1.,1.,1.))
REPRESENTATION_ITEM('')
);
#615=(
BOUNDED_CURVE()
B_SPLINE_CURVE(2,(#1273,#1274,#1275),.UNSPECIFIED.,.F.,.F.)
B_SPLINE_CURVE_WITH_KNOTS((3,3),(1.13974299850624,1.16428669111241),
 .UNSPECIFIED.)
CURVE()
GEOMETRIC_REPRESENTATION_ITEM()
RATIONAL_B_SPLINE_CURVE((1.,0.707106781186114,1.))
REPRESENTATION_ITEM('')
);
#616=(
BOUNDED_CURVE()
B_SPLINE_CURVE(2,(#1276,#1277,#1278),.UNSPECIFIED.,.F.,.F.)
B_SPLINE_CURVE_WITH_KNOTS((3,3),(1.10474298767694,1.13974299850624),
 .UNSPECIFIED.)
CURVE()
GEOMETRIC_REPRESENTATION_ITEM()
RATIONAL_B_SPLINE_CURVE((1.,1.,1.))
REPRESENTATION_ITEM('')
);
#617=(
BOUNDED_CURVE()
B_SPLINE_CURVE(2,(#1279,#1280,#1281,#1282,#1283),.UNSPECIFIED.,.F.,.F.)
B_SPLINE_CURVE_WITH_KNOTS((3,2,3),(1.0556556024646,1.08019929507077,1.10474298767694),
 .UNSPECIFIED.)
CURVE()
GEOMETRIC_REPRESENTATION_ITEM()
RATIONAL_B_SPLINE_CURVE((1.,0.707106781186563,1.,0.707106781186563,1.))
REPRESENTATION_ITEM('')
);
#618=(
BOUNDED_CURVE()
B_SPLINE_CURVE(2,(#1284,#1285,#1286),.UNSPECIFIED.,.F.,.F.)
B_SPLINE_CURVE_WITH_KNOTS((3,3),(1.03628057843012,1.0556556024646),
 .UNSPECIFIED.)
CURVE()
GEOMETRIC_REPRESENTATION_ITEM()
RATIONAL_B_SPLINE_CURVE((1.,1.,1.))
REPRESENTATION_ITEM('')
);
#619=(
BOUNDED_CURVE()
B_SPLINE_CURVE(2,(#1287,#1288,#1289),.UNSPECIFIED.,.F.,.F.)
B_SPLINE_CURVE_WITH_KNOTS((3,3),(1.00753057843013,1.03628057843012),
 .UNSPECIFIED.)
CURVE()
GEOMETRIC_REPRESENTATION_ITEM()
RATIONAL_B_SPLINE_CURVE((1.,1.,1.))
REPRESENTATION_ITEM('')
);
#620=(
BOUNDED_CURVE()
B_SPLINE_CURVE(2,(#1290,#1291,#1292),.UNSPECIFIED.,.F.,.F.)
B_SPLINE_CURVE_WITH_KNOTS((3,3),(0.98815556666018,1.00753057843013),
 .UNSPECIFIED.)
CURVE()
GEOMETRIC_REPRESENTATION_ITEM()
RATIONAL_B_SPLINE_CURVE((1.,1.,1.))
REPRESENTATION_ITEM('')
);
#621=(
BOUNDED_CURVE()
B_SPLINE_CURVE(2,(#1293,#1294,#1295,#1296,#1297),.UNSPECIFIED.,.F.,.F.)
B_SPLINE_CURVE_WITH_KNOTS((3,2,3),(0.93906818144784,0.96361187405401,0.98815556666018),
 .UNSPECIFIED.)
CURVE()
GEOMETRIC_REPRESENTATION_ITEM()
RATIONAL_B_SPLINE_CURVE((1.,0.707106781186563,1.,0.707106781186563,1.))
REPRESENTATION_ITEM('')
);
#622=(
BOUNDED_CURVE()
B_SPLINE_CURVE(2,(#1298,#1299,#1300),.UNSPECIFIED.,.F.,.F.)
B_SPLINE_CURVE_WITH_KNOTS((3,3),(0.919693164734486,0.93906818144784),
 .UNSPECIFIED.)
CURVE()
GEOMETRIC_REPRESENTATION_ITEM()
RATIONAL_B_SPLINE_CURVE((1.,1.,1.))
REPRESENTATION_ITEM('')
);
#623=(
BOUNDED_CURVE()
B_SPLINE_CURVE(2,(#1301,#1302,#1303),.UNSPECIFIED.,.F.,.F.)
B_SPLINE_CURVE_WITH_KNOTS((3,3),(0.830318164734475,0.919693164734486),
 .UNSPECIFIED.)
CURVE()
GEOMETRIC_REPRESENTATION_ITEM()
RATIONAL_B_SPLINE_CURVE((1.,1.,1.))
REPRESENTATION_ITEM('')
);
#624=(
BOUNDED_CURVE()
B_SPLINE_CURVE(2,(#1304,#1305,#1306,#1307,#1308),.UNSPECIFIED.,.F.,.F.)
B_SPLINE_CURVE_WITH_KNOTS((3,2,3),(0.781230779522134,0.805774472128305,
0.830318164734475),.UNSPECIFIED.)
CURVE()
GEOMETRIC_REPRESENTATION_ITEM()
RATIONAL_B_SPLINE_CURVE((1.,0.707106781186527,1.,0.707106781186527,1.))
REPRESENTATION_ITEM('')
);
#625=(
BOUNDED_CURVE()
B_SPLINE_CURVE(1,(#1309,#1310),.UNSPECIFIED.,.F.,.F.)
B_SPLINE_CURVE_WITH_KNOTS((2,2),(0.01,0.02),.UNSPECIFIED.)
CURVE()
GEOMETRIC_REPRESENTATION_ITEM()
RATIONAL_B_SPLINE_CURVE((1.,1.))
REPRESENTATION_ITEM('')
);
#626=(
BOUNDED_CURVE()
B_SPLINE_CURVE(1,(#1311,#1312),.UNSPECIFIED.,.F.,.F.)
B_SPLINE_CURVE_WITH_KNOTS((2,2),(0.01,0.02),.UNSPECIFIED.)
CURVE()
GEOMETRIC_REPRESENTATION_ITEM()
RATIONAL_B_SPLINE_CURVE((1.,1.))
REPRESENTATION_ITEM('')
);
#627=(
BOUNDED_CURVE()
B_SPLINE_CURVE(1,(#1313,#1314),.UNSPECIFIED.,.F.,.F.)
B_SPLINE_CURVE_WITH_KNOTS((2,2),(0.01,0.02),.UNSPECIFIED.)
CURVE()
GEOMETRIC_REPRESENTATION_ITEM()
RATIONAL_B_SPLINE_CURVE((1.,1.))
REPRESENTATION_ITEM('')
);
#628=(
BOUNDED_CURVE()
B_SPLINE_CURVE(1,(#1315,#1316),.UNSPECIFIED.,.F.,.F.)
B_SPLINE_CURVE_WITH_KNOTS((2,2),(0.01,0.02),.UNSPECIFIED.)
CURVE()
GEOMETRIC_REPRESENTATION_ITEM()
RATIONAL_B_SPLINE_CURVE((1.,1.))
REPRESENTATION_ITEM('')
);
#629=(
BOUNDED_CURVE()
B_SPLINE_CURVE(1,(#1317,#1318),.UNSPECIFIED.,.F.,.F.)
B_SPLINE_CURVE_WITH_KNOTS((2,2),(0.01,0.02),.UNSPECIFIED.)
CURVE()
GEOMETRIC_REPRESENTATION_ITEM()
RATIONAL_B_SPLINE_CURVE((1.,1.))
REPRESENTATION_ITEM('')
);
#630=(
BOUNDED_CURVE()
B_SPLINE_CURVE(1,(#1319,#1320),.UNSPECIFIED.,.F.,.F.)
B_SPLINE_CURVE_WITH_KNOTS((2,2),(0.01,0.02),.UNSPECIFIED.)
CURVE()
GEOMETRIC_REPRESENTATION_ITEM()
RATIONAL_B_SPLINE_CURVE((1.,1.))
REPRESENTATION_ITEM('')
);
#631=(
BOUNDED_CURVE()
B_SPLINE_CURVE(1,(#1321,#1322),.UNSPECIFIED.,.F.,.F.)
B_SPLINE_CURVE_WITH_KNOTS((2,2),(0.01,0.02),.UNSPECIFIED.)
CURVE()
GEOMETRIC_REPRESENTATION_ITEM()
RATIONAL_B_SPLINE_CURVE((1.,1.))
REPRESENTATION_ITEM('')
);
#632=(
BOUNDED_CURVE()
B_SPLINE_CURVE(1,(#1323,#1324),.UNSPECIFIED.,.F.,.F.)
B_SPLINE_CURVE_WITH_KNOTS((2,2),(0.01,0.02),.UNSPECIFIED.)
CURVE()
GEOMETRIC_REPRESENTATION_ITEM()
RATIONAL_B_SPLINE_CURVE((1.,1.))
REPRESENTATION_ITEM('')
);
#633=(
BOUNDED_CURVE()
B_SPLINE_CURVE(1,(#1325,#1326),.UNSPECIFIED.,.F.,.F.)
B_SPLINE_CURVE_WITH_KNOTS((2,2),(0.01,0.02),.UNSPECIFIED.)
CURVE()
GEOMETRIC_REPRESENTATION_ITEM()
RATIONAL_B_SPLINE_CURVE((1.,1.))
REPRESENTATION_ITEM('')
);
#634=(
BOUNDED_CURVE()
B_SPLINE_CURVE(1,(#1327,#1328),.UNSPECIFIED.,.F.,.F.)
B_SPLINE_CURVE_WITH_KNOTS((2,2),(0.01,0.02),.UNSPECIFIED.)
CURVE()
GEOMETRIC_REPRESENTATION_ITEM()
RATIONAL_B_SPLINE_CURVE((1.,1.))
REPRESENTATION_ITEM('')
);
#635=(
BOUNDED_CURVE()
B_SPLINE_CURVE(1,(#1329,#1330),.UNSPECIFIED.,.F.,.F.)
B_SPLINE_CURVE_WITH_KNOTS((2,2),(0.01,0.02),.UNSPECIFIED.)
CURVE()
GEOMETRIC_REPRESENTATION_ITEM()
RATIONAL_B_SPLINE_CURVE((1.,1.))
REPRESENTATION_ITEM('')
);
#636=(
BOUNDED_CURVE()
B_SPLINE_CURVE(1,(#1331,#1332),.UNSPECIFIED.,.F.,.F.)
B_SPLINE_CURVE_WITH_KNOTS((2,2),(0.01,0.02),.UNSPECIFIED.)
CURVE()
GEOMETRIC_REPRESENTATION_ITEM()
RATIONAL_B_SPLINE_CURVE((1.,1.))
REPRESENTATION_ITEM('')
);
#637=(
BOUNDED_CURVE()
B_SPLINE_CURVE(1,(#1333,#1334),.UNSPECIFIED.,.F.,.F.)
B_SPLINE_CURVE_WITH_KNOTS((2,2),(0.01,0.02),.UNSPECIFIED.)
CURVE()
GEOMETRIC_REPRESENTATION_ITEM()
RATIONAL_B_SPLINE_CURVE((1.,1.))
REPRESENTATION_ITEM('')
);
#638=(
BOUNDED_CURVE()
B_SPLINE_CURVE(1,(#1335,#1336),.UNSPECIFIED.,.F.,.F.)
B_SPLINE_CURVE_WITH_KNOTS((2,2),(0.01,0.02),.UNSPECIFIED.)
CURVE()
GEOMETRIC_REPRESENTATION_ITEM()
RATIONAL_B_SPLINE_CURVE((1.,1.))
REPRESENTATION_ITEM('')
);
#639=(
BOUNDED_CURVE()
B_SPLINE_CURVE(1,(#1337,#1338),.UNSPECIFIED.,.F.,.F.)
B_SPLINE_CURVE_WITH_KNOTS((2,2),(0.01,0.02),.UNSPECIFIED.)
CURVE()
GEOMETRIC_REPRESENTATION_ITEM()
RATIONAL_B_SPLINE_CURVE((1.,1.))
REPRESENTATION_ITEM('')
);
#640=(
BOUNDED_CURVE()
B_SPLINE_CURVE(2,(#1339,#1340,#1341,#1342,#1343),.UNSPECIFIED.,.F.,.F.)
B_SPLINE_CURVE_WITH_KNOTS((3,2,3),(-0.429341786568717,-0.322006339926538,
-0.214670893284359),.UNSPECIFIED.)
CURVE()
GEOMETRIC_REPRESENTATION_ITEM()
RATIONAL_B_SPLINE_CURVE((1.,0.707106781186548,1.,0.707106781186548,1.))
REPRESENTATION_ITEM('')
);
#641=(
BOUNDED_CURVE()
B_SPLINE_CURVE(2,(#1344,#1345,#1346,#1347,#1348),.UNSPECIFIED.,.F.,.F.)
B_SPLINE_CURVE_WITH_KNOTS((3,2,3),(-0.437737785822068,-0.328303339366551,
-0.218868892911034),.UNSPECIFIED.)
CURVE()
GEOMETRIC_REPRESENTATION_ITEM()
RATIONAL_B_SPLINE_CURVE((1.,0.707106781186548,1.,0.707106781186548,1.))
REPRESENTATION_ITEM('')
);
#642=(
BOUNDED_CURVE()
B_SPLINE_CURVE(1,(#1423,#1424),.UNSPECIFIED.,.F.,.F.)
B_SPLINE_CURVE_WITH_KNOTS((2,2),(0.153328601112182,0.38083854583509),
 .UNSPECIFIED.)
CURVE()
GEOMETRIC_REPRESENTATION_ITEM()
RATIONAL_B_SPLINE_CURVE((1.,1.))
REPRESENTATION_ITEM('')
);
#643=(
BOUNDED_CURVE()
B_SPLINE_CURVE(2,(#1433,#1434,#1435,#1436,#1437),.UNSPECIFIED.,.F.,.F.)
B_SPLINE_CURVE_WITH_KNOTS((3,2,3),(0.,0.294524311274043,0.589048622548086),
 .UNSPECIFIED.)
CURVE()
GEOMETRIC_REPRESENTATION_ITEM()
RATIONAL_B_SPLINE_CURVE((1.,0.707106781186548,1.,0.707106781186548,1.))
REPRESENTATION_ITEM('')
);
#644=(
BOUNDED_CURVE()
B_SPLINE_CURVE(1,(#1438,#1439),.UNSPECIFIED.,.F.,.F.)
B_SPLINE_CURVE_WITH_KNOTS((2,2),(0.,0.337500000000008),.UNSPECIFIED.)
CURVE()
GEOMETRIC_REPRESENTATION_ITEM()
RATIONAL_B_SPLINE_CURVE((1.,1.))
REPRESENTATION_ITEM('')
);
#645=(
BOUNDED_CURVE()
B_SPLINE_CURVE(2,(#1440,#1441,#1442),.UNSPECIFIED.,.F.,.F.)
B_SPLINE_CURVE_WITH_KNOTS((3,3),(-3.39012896448108,-3.27030139251692),
 .UNSPECIFIED.)
CURVE()
GEOMETRIC_REPRESENTATION_ITEM()
RATIONAL_B_SPLINE_CURVE((1.,0.980123630974078,1.))
REPRESENTATION_ITEM('')
);
#646=(
BOUNDED_CURVE()
B_SPLINE_CURVE(2,(#1443,#1444,#1445),.UNSPECIFIED.,.F.,.F.)
B_SPLINE_CURVE_WITH_KNOTS((3,3),(-3.27030139251692,-2.93863891348137),
 .UNSPECIFIED.)
CURVE()
GEOMETRIC_REPRESENTATION_ITEM()
RATIONAL_B_SPLINE_CURVE((1.,1.,1.))
REPRESENTATION_ITEM('')
);
#647=(
BOUNDED_CURVE()
B_SPLINE_CURVE(2,(#1446,#1447,#1448),.UNSPECIFIED.,.F.,.F.)
B_SPLINE_CURVE_WITH_KNOTS((3,3),(-2.93863891348137,-2.8188113415172),
 .UNSPECIFIED.)
CURVE()
GEOMETRIC_REPRESENTATION_ITEM()
RATIONAL_B_SPLINE_CURVE((1.,0.980123630974083,1.))
REPRESENTATION_ITEM('')
);
#648=(
BOUNDED_CURVE()
B_SPLINE_CURVE(2,(#1449,#1450,#1451),.UNSPECIFIED.,.F.,.F.)
B_SPLINE_CURVE_WITH_KNOTS((3,3),(-2.8188113415172,-2.48714886248166),
 .UNSPECIFIED.)
CURVE()
GEOMETRIC_REPRESENTATION_ITEM()
RATIONAL_B_SPLINE_CURVE((1.,1.,1.))
REPRESENTATION_ITEM('')
);
#649=(
BOUNDED_CURVE()
B_SPLINE_CURVE(2,(#1452,#1453,#1454),.UNSPECIFIED.,.F.,.F.)
B_SPLINE_CURVE_WITH_KNOTS((3,3),(-2.48714886248166,-2.36732129051748),
 .UNSPECIFIED.)
CURVE()
GEOMETRIC_REPRESENTATION_ITEM()
RATIONAL_B_SPLINE_CURVE((1.,0.980123630974072,1.))
REPRESENTATION_ITEM('')
);
#650=(
BOUNDED_CURVE()
B_SPLINE_CURVE(2,(#1455,#1456,#1457),.UNSPECIFIED.,.F.,.F.)
B_SPLINE_CURVE_WITH_KNOTS((3,3),(-2.36732129051748,-2.03565881148193),
 .UNSPECIFIED.)
CURVE()
GEOMETRIC_REPRESENTATION_ITEM()
RATIONAL_B_SPLINE_CURVE((1.,1.,1.))
REPRESENTATION_ITEM('')
);
#651=(
BOUNDED_CURVE()
B_SPLINE_CURVE(2,(#1458,#1459,#1460),.UNSPECIFIED.,.F.,.F.)
B_SPLINE_CURVE_WITH_KNOTS((3,3),(-2.03565881148193,-1.91583123951777),
 .UNSPECIFIED.)
CURVE()
GEOMETRIC_REPRESENTATION_ITEM()
RATIONAL_B_SPLINE_CURVE((1.,0.980123630974079,1.))
REPRESENTATION_ITEM('')
);
#652=(
BOUNDED_CURVE()
B_SPLINE_CURVE(2,(#1461,#1462,#1463),.UNSPECIFIED.,.F.,.F.)
B_SPLINE_CURVE_WITH_KNOTS((3,3),(-1.91583123951777,-1.58416876048223),
 .UNSPECIFIED.)
CURVE()
GEOMETRIC_REPRESENTATION_ITEM()
RATIONAL_B_SPLINE_CURVE((1.,1.,1.))
REPRESENTATION_ITEM('')
);
#653=(
BOUNDED_CURVE()
B_SPLINE_CURVE(2,(#1474,#1475,#1476,#1477,#1478),.UNSPECIFIED.,.F.,.F.)
B_SPLINE_CURVE_WITH_KNOTS((3,2,3),(0.,0.392699081698724,0.785398163397448),
 .UNSPECIFIED.)
CURVE()
GEOMETRIC_REPRESENTATION_ITEM()
RATIONAL_B_SPLINE_CURVE((1.,0.707106781186548,1.,0.707106781186548,1.))
REPRESENTATION_ITEM('')
);
#654=(
BOUNDED_CURVE()
B_SPLINE_CURVE(2,(#1479,#1480,#1481,#1482,#1483),.UNSPECIFIED.,.F.,.F.)
B_SPLINE_CURVE_WITH_KNOTS((3,2,3),(0.,0.392699081698724,0.785398163397448),
 .UNSPECIFIED.)
CURVE()
GEOMETRIC_REPRESENTATION_ITEM()
RATIONAL_B_SPLINE_CURVE((1.,0.707106781186548,1.,0.707106781186548,1.))
REPRESENTATION_ITEM('')
);
#655=(
BOUNDED_CURVE()
B_SPLINE_CURVE(2,(#1484,#1485,#1486,#1487,#1488),.UNSPECIFIED.,.F.,.F.)
B_SPLINE_CURVE_WITH_KNOTS((3,2,3),(0.,0.392699081698724,0.785398163397448),
 .UNSPECIFIED.)
CURVE()
GEOMETRIC_REPRESENTATION_ITEM()
RATIONAL_B_SPLINE_CURVE((1.,0.707106781186548,1.,0.707106781186548,1.))
REPRESENTATION_ITEM('')
);
#656=(
BOUNDED_CURVE()
B_SPLINE_CURVE(2,(#1489,#1490,#1491,#1492,#1493),.UNSPECIFIED.,.F.,.F.)
B_SPLINE_CURVE_WITH_KNOTS((3,2,3),(0.,0.392699081698724,0.785398163397448),
 .UNSPECIFIED.)
CURVE()
GEOMETRIC_REPRESENTATION_ITEM()
RATIONAL_B_SPLINE_CURVE((1.,0.707106781186548,1.,0.707106781186548,1.))
REPRESENTATION_ITEM('')
);
#657=(
BOUNDED_CURVE()
B_SPLINE_CURVE(2,(#1494,#1495,#1496,#1497,#1498),.UNSPECIFIED.,.F.,.F.)
B_SPLINE_CURVE_WITH_KNOTS((3,2,3),(0.,0.392699081698724,0.785398163397448),
 .UNSPECIFIED.)
CURVE()
GEOMETRIC_REPRESENTATION_ITEM()
RATIONAL_B_SPLINE_CURVE((1.,0.707106781186548,1.,0.707106781186548,1.))
REPRESENTATION_ITEM('')
);
#658=(
BOUNDED_CURVE()
B_SPLINE_CURVE(2,(#1499,#1500,#1501,#1502,#1503),.UNSPECIFIED.,.F.,.F.)
B_SPLINE_CURVE_WITH_KNOTS((3,2,3),(0.,0.392699081698724,0.785398163397448),
 .UNSPECIFIED.)
CURVE()
GEOMETRIC_REPRESENTATION_ITEM()
RATIONAL_B_SPLINE_CURVE((1.,0.707106781186548,1.,0.707106781186548,1.))
REPRESENTATION_ITEM('')
);
#659=(
BOUNDED_CURVE()
B_SPLINE_CURVE(2,(#1504,#1505,#1506,#1507,#1508),.UNSPECIFIED.,.F.,.F.)
B_SPLINE_CURVE_WITH_KNOTS((3,2,3),(0.785398163397448,1.17809724509617,1.5707963267949),
 .UNSPECIFIED.)
CURVE()
GEOMETRIC_REPRESENTATION_ITEM()
RATIONAL_B_SPLINE_CURVE((1.,0.707106781186548,1.,0.707106781186548,1.))
REPRESENTATION_ITEM('')
);
#660=(
BOUNDED_CURVE()
B_SPLINE_CURVE(2,(#1509,#1510,#1511,#1512,#1513),.UNSPECIFIED.,.F.,.F.)
B_SPLINE_CURVE_WITH_KNOTS((3,2,3),(-0.589048622548086,-0.294524311274043,
0.),.UNSPECIFIED.)
CURVE()
GEOMETRIC_REPRESENTATION_ITEM()
RATIONAL_B_SPLINE_CURVE((1.,0.707106781186548,1.,0.707106781186548,1.))
REPRESENTATION_ITEM('')
);
#661=(
BOUNDED_CURVE()
B_SPLINE_CURVE(2,(#1514,#1515,#1516,#1517,#1518),.UNSPECIFIED.,.F.,.F.)
B_SPLINE_CURVE_WITH_KNOTS((3,2,3),(-1.17809724509617,-0.883572933822129,
-0.589048622548086),.UNSPECIFIED.)
CURVE()
GEOMETRIC_REPRESENTATION_ITEM()
RATIONAL_B_SPLINE_CURVE((1.,0.707106781186548,1.,0.707106781186548,1.))
REPRESENTATION_ITEM('')
);
#662=(
BOUNDED_CURVE()
B_SPLINE_CURVE(2,(#1519,#1520,#1521,#1522,#1523),.UNSPECIFIED.,.F.,.F.)
B_SPLINE_CURVE_WITH_KNOTS((3,2,3),(-1.5707963267949,-1.17809724509617,-0.785398163397448),
 .UNSPECIFIED.)
CURVE()
GEOMETRIC_REPRESENTATION_ITEM()
RATIONAL_B_SPLINE_CURVE((1.,0.707106781186548,1.,0.707106781186548,1.))
REPRESENTATION_ITEM('')
);
#663=(
BOUNDED_CURVE()
B_SPLINE_CURVE(2,(#1524,#1525,#1526,#1527,#1528),.UNSPECIFIED.,.F.,.F.)
B_SPLINE_CURVE_WITH_KNOTS((3,2,3),(0.,0.392699081698724,0.785398163397448),
 .UNSPECIFIED.)
CURVE()
GEOMETRIC_REPRESENTATION_ITEM()
RATIONAL_B_SPLINE_CURVE((1.,0.707106781186548,1.,0.707106781186548,1.))
REPRESENTATION_ITEM('')
);
#664=(
BOUNDED_CURVE()
B_SPLINE_CURVE(1,(#1533,#1534),.UNSPECIFIED.,.F.,.F.)
B_SPLINE_CURVE_WITH_KNOTS((2,2),(0.,0.380838545835105),.UNSPECIFIED.)
CURVE()
GEOMETRIC_REPRESENTATION_ITEM()
RATIONAL_B_SPLINE_CURVE((1.,1.))
REPRESENTATION_ITEM('')
);
#665=(
BOUNDED_CURVE()
B_SPLINE_CURVE(2,(#1535,#1536,#1537,#1538,#1539),.UNSPECIFIED.,.F.,.F.)
B_SPLINE_CURVE_WITH_KNOTS((3,2,3),(-1.33679926019957,-1.21311451005824,
-1.08942975991691),.UNSPECIFIED.)
CURVE()
GEOMETRIC_REPRESENTATION_ITEM()
RATIONAL_B_SPLINE_CURVE((1.,0.707106781186548,1.,0.707106781186548,1.))
REPRESENTATION_ITEM('')
);
#666=(
BOUNDED_CURVE()
B_SPLINE_CURVE(2,(#1542,#1543,#1544,#1545,#1546),.UNSPECIFIED.,.F.,.F.)
B_SPLINE_CURVE_WITH_KNOTS((3,2,3),(-0.214670893284359,-0.107335446642179,
0.),.UNSPECIFIED.)
CURVE()
GEOMETRIC_REPRESENTATION_ITEM()
RATIONAL_B_SPLINE_CURVE((1.,0.707106781186548,1.,0.707106781186548,1.))
REPRESENTATION_ITEM('')
);
#667=(
BOUNDED_CURVE()
B_SPLINE_CURVE(2,(#1553,#1554,#1555,#1556,#1557),.UNSPECIFIED.,.F.,.F.)
B_SPLINE_CURVE_WITH_KNOTS((3,2,3),(-0.218868892911034,-0.109434446455517,
0.),.UNSPECIFIED.)
CURVE()
GEOMETRIC_REPRESENTATION_ITEM()
RATIONAL_B_SPLINE_CURVE((1.,0.707106781186548,1.,0.707106781186548,1.))
REPRESENTATION_ITEM('')
);
#668=(
BOUNDED_CURVE()
B_SPLINE_CURVE(1,(#1558,#1559),.UNSPECIFIED.,.F.,.F.)
B_SPLINE_CURVE_WITH_KNOTS((2,2),(0.,0.337500000000007),.UNSPECIFIED.)
CURVE()
GEOMETRIC_REPRESENTATION_ITEM()
RATIONAL_B_SPLINE_CURVE((1.,1.))
REPRESENTATION_ITEM('')
);
#669=(
BOUNDED_CURVE()
B_SPLINE_CURVE(2,(#1560,#1561,#1562,#1563,#1564),.UNSPECIFIED.,.F.,.F.)
B_SPLINE_CURVE_WITH_KNOTS((3,2,3),(0.589048622548086,0.883572933822129,
1.17809724509617),.UNSPECIFIED.)
CURVE()
GEOMETRIC_REPRESENTATION_ITEM()
RATIONAL_B_SPLINE_CURVE((1.,0.707106781186548,1.,0.707106781186548,1.))
REPRESENTATION_ITEM('')
);
#670=(
BOUNDED_CURVE()
B_SPLINE_CURVE(2,(#1567,#1568,#1569,#1570,#1571),.UNSPECIFIED.,.F.,.F.)
B_SPLINE_CURVE_WITH_KNOTS((3,2,3),(0.785398163397448,1.17809724509617,1.5707963267949),
 .UNSPECIFIED.)
CURVE()
GEOMETRIC_REPRESENTATION_ITEM()
RATIONAL_B_SPLINE_CURVE((1.,0.707106781186548,1.,0.707106781186548,1.))
REPRESENTATION_ITEM('')
);
#671=(
BOUNDED_CURVE()
B_SPLINE_CURVE(2,(#1574,#1575,#1576,#1577,#1578),.UNSPECIFIED.,.F.,.F.)
B_SPLINE_CURVE_WITH_KNOTS((3,2,3),(-0.785398163397448,-0.392699081698724,
0.),.UNSPECIFIED.)
CURVE()
GEOMETRIC_REPRESENTATION_ITEM()
RATIONAL_B_SPLINE_CURVE((1.,0.707106781186548,1.,0.707106781186548,1.))
REPRESENTATION_ITEM('')
);
#672=(
BOUNDED_CURVE()
B_SPLINE_CURVE(2,(#1581,#1582,#1583,#1584,#1585),.UNSPECIFIED.,.F.,.F.)
B_SPLINE_CURVE_WITH_KNOTS((3,2,3),(0.785398163397448,1.17809724509617,1.5707963267949),
 .UNSPECIFIED.)
CURVE()
GEOMETRIC_REPRESENTATION_ITEM()
RATIONAL_B_SPLINE_CURVE((1.,0.707106781186548,1.,0.707106781186548,1.))
REPRESENTATION_ITEM('')
);
#673=(
BOUNDED_CURVE()
B_SPLINE_CURVE(2,(#1586,#1587,#1588,#1589,#1590),.UNSPECIFIED.,.F.,.F.)
B_SPLINE_CURVE_WITH_KNOTS((3,2,3),(0.785398163397448,1.17809724509617,1.5707963267949),
 .UNSPECIFIED.)
CURVE()
GEOMETRIC_REPRESENTATION_ITEM()
RATIONAL_B_SPLINE_CURVE((1.,0.707106781186548,1.,0.707106781186548,1.))
REPRESENTATION_ITEM('')
);
#674=(
BOUNDED_CURVE()
B_SPLINE_CURVE(2,(#1593,#1594,#1595,#1596,#1597),.UNSPECIFIED.,.F.,.F.)
B_SPLINE_CURVE_WITH_KNOTS((3,2,3),(0.785398163397448,1.17809724509617,1.5707963267949),
 .UNSPECIFIED.)
CURVE()
GEOMETRIC_REPRESENTATION_ITEM()
RATIONAL_B_SPLINE_CURVE((1.,0.707106781186548,1.,0.707106781186548,1.))
REPRESENTATION_ITEM('')
);
#675=(
BOUNDED_CURVE()
B_SPLINE_CURVE(2,(#1600,#1601,#1602,#1603,#1604),.UNSPECIFIED.,.F.,.F.)
B_SPLINE_CURVE_WITH_KNOTS((3,2,3),(0.785398163397448,1.17809724509617,1.5707963267949),
 .UNSPECIFIED.)
CURVE()
GEOMETRIC_REPRESENTATION_ITEM()
RATIONAL_B_SPLINE_CURVE((1.,0.707106781186548,1.,0.707106781186548,1.))
REPRESENTATION_ITEM('')
);
#676=(
BOUNDED_CURVE()
B_SPLINE_CURVE(2,(#1607,#1608,#1609,#1610,#1611),.UNSPECIFIED.,.F.,.F.)
B_SPLINE_CURVE_WITH_KNOTS((3,2,3),(0.785398163397448,1.17809724509617,1.5707963267949),
 .UNSPECIFIED.)
CURVE()
GEOMETRIC_REPRESENTATION_ITEM()
RATIONAL_B_SPLINE_CURVE((1.,0.707106781186548,1.,0.707106781186548,1.))
REPRESENTATION_ITEM('')
);
#677=VERTEX_POINT('',#1077);
#678=VERTEX_POINT('',#1078);
#679=VERTEX_POINT('',#1079);
#680=VERTEX_POINT('',#1080);
#681=VERTEX_POINT('',#1081);
#682=VERTEX_POINT('',#1082);
#683=VERTEX_POINT('',#1083);
#684=VERTEX_POINT('',#1084);
#685=VERTEX_POINT('',#1085);
#686=VERTEX_POINT('',#1086);
#687=VERTEX_POINT('',#1087);
#688=VERTEX_POINT('',#1088);
#689=VERTEX_POINT('',#1089);
#690=VERTEX_POINT('',#1090);
#691=VERTEX_POINT('',#1091);
#692=VERTEX_POINT('',#1092);
#693=VERTEX_POINT('',#1093);
#694=VERTEX_POINT('',#1094);
#695=VERTEX_POINT('',#1095);
#696=VERTEX_POINT('',#1096);
#697=VERTEX_POINT('',#1097);
#698=VERTEX_POINT('',#1098);
#699=VERTEX_POINT('',#1099);
#700=VERTEX_POINT('',#1100);
#701=VERTEX_POINT('',#1101);
#702=VERTEX_POINT('',#1102);
#703=VERTEX_POINT('',#1103);
#704=VERTEX_POINT('',#1104);
#705=VERTEX_POINT('',#1105);
#706=VERTEX_POINT('',#1106);
#707=VERTEX_POINT('',#1107);
#708=VERTEX_POINT('',#1108);
#709=VERTEX_POINT('',#1109);
#710=VERTEX_POINT('',#1110);
#711=VERTEX_POINT('',#1111);
#712=VERTEX_POINT('',#1112);
#713=VERTEX_POINT('',#1113);
#714=VERTEX_POINT('',#1114);
#715=VERTEX_POINT('',#1115);
#716=VERTEX_POINT('',#1116);
#717=VERTEX_POINT('',#1117);
#718=VERTEX_POINT('',#1118);
#719=VERTEX_POINT('',#1119);
#720=VERTEX_POINT('',#1120);
#721=VERTEX_POINT('',#1121);
#722=VERTEX_POINT('',#1122);
#723=VERTEX_POINT('',#1123);
#724=VERTEX_POINT('',#1124);
#725=VERTEX_POINT('',#1125);
#726=VERTEX_POINT('',#1126);
#727=VERTEX_POINT('',#1127);
#728=VERTEX_POINT('',#1128);
#729=VERTEX_POINT('',#1129);
#730=VERTEX_POINT('',#1130);
#731=VERTEX_POINT('',#1131);
#732=VERTEX_POINT('',#1132);
#733=VERTEX_POINT('',#1133);
#734=VERTEX_POINT('',#1134);
#735=VERTEX_POINT('',#1135);
#736=VERTEX_POINT('',#1136);
#737=VERTEX_POINT('',#1137);
#738=VERTEX_POINT('',#1138);
#739=VERTEX_POINT('',#1139);
#740=VERTEX_POINT('',#1140);
#741=VERTEX_POINT('',#1141);
#742=VERTEX_POINT('',#1142);
#743=VERTEX_POINT('',#1143);
#744=VERTEX_POINT('',#1144);
#745=VERTEX_POINT('',#1145);
#746=VERTEX_POINT('',#1146);
#747=VERTEX_POINT('',#1147);
#748=VERTEX_POINT('',#1148);
#749=VERTEX_POINT('',#1149);
#750=VERTEX_POINT('',#1150);
#751=VERTEX_POINT('',#1151);
#752=VERTEX_POINT('',#1152);
#753=VERTEX_POINT('',#1153);
#754=VERTEX_POINT('',#1154);
#755=VERTEX_POINT('',#1155);
#756=(
BOUNDED_SURFACE()
B_SPLINE_SURFACE(1,2,((#1022,#1023,#1024,#1025,#1026),(#1027,#1028,#1029,
#1030,#1031)),.UNSPECIFIED.,.F.,.F.,.F.)
B_SPLINE_SURFACE_WITH_KNOTS((2,2),(3,2,3),(0.,0.162358830043859),(0.,0.392699081698724,
0.785398163397448),.UNSPECIFIED.)
GEOMETRIC_REPRESENTATION_ITEM()
RATIONAL_B_SPLINE_SURFACE(((1.,0.707106781186548,1.,0.707106781186548,1.),
(1.,0.707106781186548,1.,0.707106781186548,1.)))
REPRESENTATION_ITEM('')
SURFACE()
);
#757=(
BOUNDED_SURFACE()
B_SPLINE_SURFACE(1,2,((#1036,#1037,#1038,#1039,#1040),(#1041,#1042,#1043,
#1044,#1045)),.UNSPECIFIED.,.F.,.F.,.F.)
B_SPLINE_SURFACE_WITH_KNOTS((2,2),(3,2,3),(0.576003490984561,0.590852733389482),
(0.,0.392699081698724,0.785398163397448),.UNSPECIFIED.)
GEOMETRIC_REPRESENTATION_ITEM()
RATIONAL_B_SPLINE_SURFACE(((1.,0.707106781186548,1.,0.707106781186548,1.),
(1.,0.707106781186548,1.,0.707106781186548,1.)))
REPRESENTATION_ITEM('')
SURFACE()
);
#758=(
BOUNDED_SURFACE()
B_SPLINE_SURFACE(1,2,((#1052,#1053,#1054,#1055,#1056),(#1057,#1058,#1059,
#1060,#1061)),.UNSPECIFIED.,.F.,.F.,.F.)
B_SPLINE_SURFACE_WITH_KNOTS((2,2),(3,2,3),(0.,0.162358830043859),(0.785398163397448,
1.17809724509617,1.5707963267949),.UNSPECIFIED.)
GEOMETRIC_REPRESENTATION_ITEM()
RATIONAL_B_SPLINE_SURFACE(((1.,0.707106781186548,1.,0.707106781186548,1.),
(1.,0.707106781186548,1.,0.707106781186548,1.)))
REPRESENTATION_ITEM('')
SURFACE()
);
#759=(
BOUNDED_SURFACE()
B_SPLINE_SURFACE(1,2,((#1066,#1067,#1068,#1069,#1070),(#1071,#1072,#1073,
#1074,#1075)),.UNSPECIFIED.,.F.,.F.,.F.)
B_SPLINE_SURFACE_WITH_KNOTS((2,2),(3,2,3),(0.576003490984561,0.590852733389482),
(0.785398163397448,1.17809724509617,1.5707963267949),.UNSPECIFIED.)
GEOMETRIC_REPRESENTATION_ITEM()
RATIONAL_B_SPLINE_SURFACE(((1.,0.707106781186548,1.,0.707106781186548,1.),
(1.,0.707106781186548,1.,0.707106781186548,1.)))
REPRESENTATION_ITEM('')
SURFACE()
);
#760=PLANE('',#897);
#761=PLANE('',#898);
#762=PLANE('',#899);
#763=PLANE('',#900);
#764=PLANE('',#902);
#765=PLANE('',#903);
#766=PLANE('',#905);
#767=PLANE('',#907);
#768=PLANE('',#908);
#769=PLANE('',#909);
#770=PLANE('',#911);
#771=PLANE('',#912);
#772=PLANE('',#918);
#773=PLANE('',#920);
#774=PLANE('',#922);
#775=PLANE('',#924);
#776=PLANE('',#925);
#777=PLANE('',#928);
#778=PLANE('',#930);
#779=PLANE('',#931);
#780=PLANE('',#938);
#781=PLANE('',#940);
#782=CYLINDRICAL_SURFACE('',#896,0.0787401574803113);
#783=CYLINDRICAL_SURFACE('',#901,0.015625);
#784=CYLINDRICAL_SURFACE('',#904,0.015625000000001);
#785=CYLINDRICAL_SURFACE('',#906,0.015625);
#786=CYLINDRICAL_SURFACE('',#910,0.015625);
#787=CYLINDRICAL_SURFACE('',#913,0.015625);
#788=CYLINDRICAL_SURFACE('',#914,0.0683318676083164);
#789=CYLINDRICAL_SURFACE('',#915,0.0696681323916835);
#790=CYLINDRICAL_SURFACE('',#916,0.1875);
#791=CYLINDRICAL_SURFACE('',#917,0.299999999999981);
#792=CYLINDRICAL_SURFACE('',#919,0.299999999999993);
#793=CYLINDRICAL_SURFACE('',#921,0.299999999999986);
#794=CYLINDRICAL_SURFACE('',#923,0.299999999999939);
#795=CYLINDRICAL_SURFACE('',#926,0.149999999999991);
#796=CYLINDRICAL_SURFACE('',#927,0.184000000000012);
#797=CYLINDRICAL_SURFACE('',#929,0.176000000000016);
#798=CYLINDRICAL_SURFACE('',#932,0.0787401574803113);
#799=CYLINDRICAL_SURFACE('',#933,0.0683318676083164);
#800=CYLINDRICAL_SURFACE('',#934,0.0696681323916835);
#801=CYLINDRICAL_SURFACE('',#935,0.1875);
#802=CYLINDRICAL_SURFACE('',#936,0.149999999999991);
#803=CYLINDRICAL_SURFACE('',#937,0.184000000000012);
#804=CYLINDRICAL_SURFACE('',#939,0.176000000000016);
#805=SHAPE_DEFINITION_REPRESENTATION(#806,#894);
#806=PRODUCT_DEFINITION_SHAPE('Document','',#808);
#807=PRODUCT_DEFINITION_CONTEXT('3D Mechanical Parts',#880,'design');
#808=PRODUCT_DEFINITION('A','First version',#850,#807);
#809=DATE_TIME_ROLE('classification_date');
#810=DATE_TIME_ROLE('creation_date');
#811=APPLIED_DATE_AND_TIME_ASSIGNMENT(#835,#809,(#814));
#812=APPLIED_DATE_AND_TIME_ASSIGNMENT(#837,#810,(#808));
#813=SECURITY_CLASSIFICATION_LEVEL('unclassified');
#814=SECURITY_CLASSIFICATION('A','Security for version',#813);
#815=APPLIED_SECURITY_CLASSIFICATION_ASSIGNMENT(#814,(#850));
#816=APPROVAL_ROLE('Version approval');
#817=APPROVAL_ROLE('Version Security approval');
#818=APPROVAL_ROLE('Definition approval');
#819=APPROVAL_PERSON_ORGANIZATION(#868,#844,#816);
#820=APPROVAL_PERSON_ORGANIZATION(#869,#845,#817);
#821=APPROVAL_PERSON_ORGANIZATION(#872,#846,#818);
#822=COORDINATED_UNIVERSAL_TIME_OFFSET(5,0,.BEHIND.);
#823=LOCAL_TIME(0,0,0.,#822);
#824=LOCAL_TIME(0,0,0.,#822);
#825=LOCAL_TIME(0,0,0.,#822);
#826=LOCAL_TIME(0,0,0.,#822);
#827=LOCAL_TIME(0,0,0.,#822);
#828=CALENDAR_DATE(1999,1,1);
#829=CALENDAR_DATE(1999,1,1);
#830=CALENDAR_DATE(1999,1,1);
#831=CALENDAR_DATE(1999,1,1);
#832=CALENDAR_DATE(1999,1,1);
#833=DATE_AND_TIME(#828,#823);
#834=DATE_AND_TIME(#829,#824);
#835=DATE_AND_TIME(#830,#825);
#836=DATE_AND_TIME(#831,#826);
#837=DATE_AND_TIME(#832,#827);
#838=APPROVAL_DATE_TIME(#833,#844);
#839=APPROVAL_DATE_TIME(#834,#845);
#840=APPROVAL_DATE_TIME(#836,#846);
#841=APPROVAL_STATUS('not_yet_approved');
#842=APPROVAL_STATUS('not_yet_approved');
#843=APPROVAL_STATUS('approved');
#844=APPROVAL(#841,'Version approval');
#845=APPROVAL(#842,'Version Security approval');
#846=APPROVAL(#843,'Definition approval');
#847=APPLIED_APPROVAL_ASSIGNMENT(#844,(#850));
#848=APPLIED_APPROVAL_ASSIGNMENT(#845,(#814));
#849=APPLIED_APPROVAL_ASSIGNMENT(#846,(#808));
#850=PRODUCT_DEFINITION_FORMATION_WITH_SPECIFIED_SOURCE('A',
'First version',#882,.MADE.);
#851=PERSON_AND_ORGANIZATION_ROLE('design_owner');
#852=PERSON_AND_ORGANIZATION_ROLE('creator');
#853=PERSON_AND_ORGANIZATION_ROLE('design_supplier');
#854=PERSON_AND_ORGANIZATION_ROLE('classification_officer');
#855=PERSON_AND_ORGANIZATION_ROLE('creator');
#856=ORGANIZATION('STI','lab','lab');
#857=ORGANIZATION('STI','unknown','unknown');
#858=ORGANIZATION('STI','unknown','unknown');
#859=ORGANIZATION('STI','unknown','unknown');
#860=ORGANIZATION('STI','unknown','unknown');
#861=ORGANIZATION('STI','unknown','unknown');
#862=ORGANIZATION('STI','unknown','unknown');
#863=PERSON('1','Box','vc60',$,$,$);
#864=PERSON('2','last','first',$,$,$);
#865=PERSON('3','President','Mr.',$,$,$);
#866=PERSON_AND_ORGANIZATION(#863,#856);
#867=PERSON_AND_ORGANIZATION(#864,#857);
#868=PERSON_AND_ORGANIZATION(#865,#858);
#869=PERSON_AND_ORGANIZATION(#865,#859);
#870=PERSON_AND_ORGANIZATION(#865,#860);
#871=PERSON_AND_ORGANIZATION(#864,#861);
#872=PERSON_AND_ORGANIZATION(#865,#862);
#873=APPLIED_PERSON_AND_ORGANIZATION_ASSIGNMENT(#866,#851,(#882));
#874=APPLIED_PERSON_AND_ORGANIZATION_ASSIGNMENT(#867,#852,(#850));
#875=APPLIED_PERSON_AND_ORGANIZATION_ASSIGNMENT(#867,#853,(#850));
#876=APPLIED_PERSON_AND_ORGANIZATION_ASSIGNMENT(#870,#854,(#814));
#877=APPLIED_PERSON_AND_ORGANIZATION_ASSIGNMENT(#871,#855,(#808));
#878=PRODUCT_RELATED_PRODUCT_CATEGORY('detail','detail',(#882));
#879=APPLICATION_PROTOCOL_DEFINITION('International Standard',
'config_control_design',1994,#880);
#880=APPLICATION_CONTEXT(
'configuration controlled 3d designs of mechanical parts and assemblie
s');
#881=PRODUCT_CONTEXT('3D Mechanical Parts',#880,'mechanical');
#882=PRODUCT('Document','Document','',(#881));
#883=(
LENGTH_UNIT()
NAMED_UNIT(*)
SI_UNIT(.CENTI.,.METRE.)
);
#884=LENGTH_MEASURE_WITH_UNIT(LENGTH_MEASURE(2.54),#883);
#885=(
CONVERSION_BASED_UNIT('INCH',#884)
LENGTH_UNIT()
NAMED_UNIT(#888)
);
#886=(
NAMED_UNIT(*)
PLANE_ANGLE_UNIT()
SI_UNIT($,.RADIAN.)
);
#887=DIMENSIONAL_EXPONENTS(0.,0.,0.,0.,0.,0.,0.);
#888=DIMENSIONAL_EXPONENTS(1.,0.,0.,0.,0.,0.,0.);
#889=PLANE_ANGLE_MEASURE_WITH_UNIT(PLANE_ANGLE_MEASURE(0.01745329252),#886);
#890=(
CONVERSION_BASED_UNIT('DEGREES',#889)
NAMED_UNIT(#887)
PLANE_ANGLE_UNIT()
);
#891=(
NAMED_UNIT(*)
SI_UNIT($,.STERADIAN.)
SOLID_ANGLE_UNIT()
);
#892=UNCERTAINTY_MEASURE_WITH_UNIT(LENGTH_MEASURE(0.0001),#885,
'DISTANCE_ACCURACY_VALUE',
'Maximum model space distance between geometric entities at asserted c
onnectivities');
#893=(
GEOMETRIC_REPRESENTATION_CONTEXT(3)
GLOBAL_UNCERTAINTY_ASSIGNED_CONTEXT((#892))
GLOBAL_UNIT_ASSIGNED_CONTEXT((#891,#890,#885))
REPRESENTATION_CONTEXT('ID1','3D')
);
#894=SHAPE_REPRESENTATION('Document',(#895,#941),#893);
#895=AXIS2_PLACEMENT_3D('',#991,#942,#943);
#896=AXIS2_PLACEMENT_3D('',#992,#944,$);
#897=AXIS2_PLACEMENT_3D('',#993,#945,$);
#898=AXIS2_PLACEMENT_3D('',#994,#946,$);
#899=AXIS2_PLACEMENT_3D('',#995,#947,$);
#900=AXIS2_PLACEMENT_3D('',#996,#948,$);
#901=AXIS2_PLACEMENT_3D('',#997,#949,$);
#902=AXIS2_PLACEMENT_3D('',#998,#950,$);
#903=AXIS2_PLACEMENT_3D('',#999,#951,$);
#904=AXIS2_PLACEMENT_3D('',#1000,#952,$);
#905=AXIS2_PLACEMENT_3D('',#1001,#953,$);
#906=AXIS2_PLACEMENT_3D('',#1002,#954,$);
#907=AXIS2_PLACEMENT_3D('',#1003,#955,$);
#908=AXIS2_PLACEMENT_3D('',#1004,#956,$);
#909=AXIS2_PLACEMENT_3D('',#1005,#957,$);
#910=AXIS2_PLACEMENT_3D('',#1006,#958,$);
#911=AXIS2_PLACEMENT_3D('',#1007,#959,$);
#912=AXIS2_PLACEMENT_3D('',#1008,#960,$);
#913=AXIS2_PLACEMENT_3D('',#1009,#961,$);
#914=AXIS2_PLACEMENT_3D('',#1010,#962,$);
#915=AXIS2_PLACEMENT_3D('',#1011,#963,$);
#916=AXIS2_PLACEMENT_3D('',#1012,#964,$);
#917=AXIS2_PLACEMENT_3D('',#1013,#965,$);
#918=AXIS2_PLACEMENT_3D('',#1014,#966,$);
#919=AXIS2_PLACEMENT_3D('',#1015,#967,$);
#920=AXIS2_PLACEMENT_3D('',#1016,#968,$);
#921=AXIS2_PLACEMENT_3D('',#1017,#969,$);
#922=AXIS2_PLACEMENT_3D('',#1018,#970,$);
#923=AXIS2_PLACEMENT_3D('',#1019,#971,$);
#924=AXIS2_PLACEMENT_3D('',#1020,#972,$);
#925=AXIS2_PLACEMENT_3D('',#1021,#973,$);
#926=AXIS2_PLACEMENT_3D('',#1032,#974,$);
#927=AXIS2_PLACEMENT_3D('',#1033,#975,$);
#928=AXIS2_PLACEMENT_3D('',#1034,#976,$);
#929=AXIS2_PLACEMENT_3D('',#1035,#977,$);
#930=AXIS2_PLACEMENT_3D('',#1046,#978,$);
#931=AXIS2_PLACEMENT_3D('',#1047,#979,$);
#932=AXIS2_PLACEMENT_3D('',#1048,#980,$);
#933=AXIS2_PLACEMENT_3D('',#1049,#981,$);
#934=AXIS2_PLACEMENT_3D('',#1050,#982,$);
#935=AXIS2_PLACEMENT_3D('',#1051,#983,$);
#936=AXIS2_PLACEMENT_3D('',#1062,#984,$);
#937=AXIS2_PLACEMENT_3D('',#1063,#985,$);
#938=AXIS2_PLACEMENT_3D('',#1064,#986,$);
#939=AXIS2_PLACEMENT_3D('',#1065,#987,$);
#940=AXIS2_PLACEMENT_3D('',#1076,#988,$);
#941=AXIS2_PLACEMENT_3D('',#1614,#989,#990);
#942=DIRECTION('',(0.,0.,1.));
#943=DIRECTION('',(1.,0.,0.));
#944=DIRECTION('',(0.,0.,1.));
#945=DIRECTION('',(0.,0.,1.));
#946=DIRECTION('',(0.,0.,1.));
#947=DIRECTION('',(0.,-1.,0.));
#948=DIRECTION('',(1.,0.,0.));
#949=DIRECTION('',(0.,0.,-1.));
#950=DIRECTION('',(-1.,0.,0.));
#951=DIRECTION('',(0.,-1.,0.));
#952=DIRECTION('',(0.,0.,-1.));
#953=DIRECTION('',(-1.,0.,0.));
#954=DIRECTION('',(0.,0.,-1.));
#955=DIRECTION('',(1.,0.,0.));
#956=DIRECTION('',(0.,1.,0.));
#957=DIRECTION('',(-1.,0.,0.));
#958=DIRECTION('',(0.,0.,-1.));
#959=DIRECTION('',(1.,0.,0.));
#960=DIRECTION('',(0.,1.,0.));
#961=DIRECTION('',(0.,0.,-1.));
#962=DIRECTION('',(1.,0.,0.));
#963=DIRECTION('',(0.,1.,0.));
#964=DIRECTION('',(0.,0.,1.));
#965=DIRECTION('',(6.58274346048753E-15,6.58274346048725E-15,-1.));
#966=DIRECTION('',(1.,0.,0.));
#967=DIRECTION('',(0.,0.,-1.));
#968=DIRECTION('',(0.,-1.,0.));
#969=DIRECTION('',(0.,0.,-1.));
#970=DIRECTION('',(-1.,0.,0.));
#971=DIRECTION('',(0.,0.,-1.));
#972=DIRECTION('',(0.,1.,0.));
#973=DIRECTION('',(0.,0.,-1.));
#974=DIRECTION('',(0.,0.,-1.));
#975=DIRECTION('',(0.,0.,-1.));
#976=DIRECTION('',(0.,0.,1.));
#977=DIRECTION('',(0.,0.,-1.));
#978=DIRECTION('',(0.,0.,-1.));
#979=DIRECTION('',(0.,0.,-1.));
#980=DIRECTION('',(0.,0.,1.));
#981=DIRECTION('',(1.,0.,0.));
#982=DIRECTION('',(0.,1.,0.));
#983=DIRECTION('',(0.,0.,1.));
#984=DIRECTION('',(0.,0.,-1.));
#985=DIRECTION('',(0.,0.,-1.));
#986=DIRECTION('',(0.,0.,1.));
#987=DIRECTION('',(0.,0.,-1.));
#988=DIRECTION('',(0.,0.,-1.));
#989=DIRECTION('',(0.,0.,1.));
#990=DIRECTION('',(1.,0.,0.));
#991=CARTESIAN_POINT('',(0.,0.,0.));
#992=CARTESIAN_POINT('',(0.,3.55233418777196E-15,-0.3));
#993=CARTESIAN_POINT('',(0.312500000000002,-0.312499999999997,0.));
#994=CARTESIAN_POINT('',(0.100156249999991,-0.250781250000029,-0.01));
#995=CARTESIAN_POINT('',(-0.105000000000018,-0.17187500000005,0.01));
#996=CARTESIAN_POINT('',(-0.0756250000000023,-0.171875000000028,0.01));
#997=CARTESIAN_POINT('',(-0.060000000000457,-0.152500000000028,0.));
#998=CARTESIAN_POINT('',(-0.044375000000457,-0.152500000000028,0.01));
#999=CARTESIAN_POINT('',(-0.0443750000000023,-0.17187500000005,0.01));
#1000=CARTESIAN_POINT('',(0.0599999999999871,-0.187500000000008,0.));
#1001=CARTESIAN_POINT('',(0.0756249999999881,-0.18750000000003,0.01));
#1002=CARTESIAN_POINT('',(0.0599999999999881,-0.222500000000029,0.));
#1003=CARTESIAN_POINT('',(0.0443749999999881,-0.222500000000029,0.01));
#1004=CARTESIAN_POINT('',(0.0443749999999881,-0.203125000000028,0.01));
#1005=CARTESIAN_POINT('',(0.015625,-0.203125000000028,0.01));
#1006=CARTESIAN_POINT('',(0.,-0.222500000000029,0.));
#1007=CARTESIAN_POINT('',(-0.015625,-0.222500000000029,0.01));
#1008=CARTESIAN_POINT('',(-0.015625,-0.203125000000028,0.01));
#1009=CARTESIAN_POINT('',(-0.105000000000018,-0.18750000000005,0.));
#1010=CARTESIAN_POINT('',(0.146297819698098,-0.000668132391675517,-0.085));
#1011=CARTESIAN_POINT('',(0.000668132391673737,0.145477696584736,-0.085));
#1012=CARTESIAN_POINT('',(0.,0.,-0.67));
#1013=CARTESIAN_POINT('',(1.01978162377458E-14,2.07109283107526E-14,-0.300000000000003));
#1014=CARTESIAN_POINT('',(0.25,0.165831239517772,0.));
#1015=CARTESIAN_POINT('',(1.42045363163742E-14,6.9203098941151E-15,-0.3));
#1016=CARTESIAN_POINT('',(0.165831239517772,-0.249999999999993,0.));
#1017=CARTESIAN_POINT('',(-1.07426891565261E-14,-7.17257042254038E-15,-0.3));
#1018=CARTESIAN_POINT('',(-0.25,-0.165831239517768,0.));
#1019=CARTESIAN_POINT('',(-4.20254251363995E-14,4.89289696496276E-14,-0.3));
#1020=CARTESIAN_POINT('',(-0.165831239517786,0.249999999999993,0.));
#1021=CARTESIAN_POINT('',(0.625,-0.625,-0.17));
#1022=CARTESIAN_POINT('',(1.4210854715202E-14,0.,-0.348223304703356));
#1023=CARTESIAN_POINT('',(1.4210854715202E-14,0.,-0.348223304703356));
#1024=CARTESIAN_POINT('',(1.4210854715202E-14,0.,-0.348223304703356));
#1025=CARTESIAN_POINT('',(1.4210854715202E-14,0.,-0.348223304703356));
#1026=CARTESIAN_POINT('',(1.4210854715202E-14,0.,-0.348223304703356));
#1027=CARTESIAN_POINT('',(-0.149999999999977,0.,-0.410355339059323));
#1028=CARTESIAN_POINT('',(-0.149999999999977,0.149999999999991,-0.410355339059323));
#1029=CARTESIAN_POINT('',(1.42016698642084E-14,0.149999999999991,-0.410355339059323));
#1030=CARTESIAN_POINT('',(0.150000000000006,0.149999999999991,-0.410355339059323));
#1031=CARTESIAN_POINT('',(0.150000000000006,1.83697019872093E-17,-0.410355339059323));
#1032=CARTESIAN_POINT('',(1.42093367510882E-14,1.11561779098947E-30,-0.530177669529662));
#1033=CARTESIAN_POINT('',(1.42191498289549E-14,9.8130778667721E-18,-0.605000000000004));
#1034=CARTESIAN_POINT('',(-0.183999999999997,0.,-0.560000000000006));
#1035=CARTESIAN_POINT('',(1.42142432900215E-14,4.90653893338791E-18,-0.539000000000008));
#1036=CARTESIAN_POINT('',(-0.176000000000002,0.,-0.518000000000008));
#1037=CARTESIAN_POINT('',(-0.176000000000002,0.176000000000016,-0.518000000000008));
#1038=CARTESIAN_POINT('',(1.42000778233695E-14,0.176000000000016,-0.518000000000008));
#1039=CARTESIAN_POINT('',(0.17600000000003,0.176000000000016,-0.518000000000008));
#1040=CARTESIAN_POINT('',(0.17600000000003,2.15537836649954E-17,-0.518000000000008));
#1041=CARTESIAN_POINT('',(-0.186500000000009,0.,-0.507500000000007));
#1042=CARTESIAN_POINT('',(-0.186500000000009,0.186500000000024,-0.507500000000007));
#1043=CARTESIAN_POINT('',(1.41994348838E-14,0.186500000000024,-0.507500000000007));
#1044=CARTESIAN_POINT('',(0.186500000000038,0.186500000000024,-0.507500000000007));
#1045=CARTESIAN_POINT('',(0.186500000000038,2.2839662804101E-17,-0.507500000000007));
#1046=CARTESIAN_POINT('',(0.312500000000002,-0.312499999999997,-0.6));
#1047=CARTESIAN_POINT('',(-0.186500000000009,0.,-0.507500000000007));
#1048=CARTESIAN_POINT('',(0.,-3.55233418777196E-15,-0.3));
#1049=CARTESIAN_POINT('',(0.146297819698098,-0.000668132391675499,-0.085));
#1050=CARTESIAN_POINT('',(0.000668132391673736,0.145477696584736,-0.085));
#1051=CARTESIAN_POINT('',(0.,0.,-0.67));
#1052=CARTESIAN_POINT('',(1.4210854715202E-14,0.,-0.348223304703356));
#1053=CARTESIAN_POINT('',(1.4210854715202E-14,0.,-0.348223304703356));
#1054=CARTESIAN_POINT('',(1.4210854715202E-14,0.,-0.348223304703356));
#1055=CARTESIAN_POINT('',(1.4210854715202E-14,0.,-0.348223304703356));
#1056=CARTESIAN_POINT('',(1.4210854715202E-14,0.,-0.348223304703356));
#1057=CARTESIAN_POINT('',(0.150000000000006,0.,-0.410355339059323));
#1058=CARTESIAN_POINT('',(0.150000000000006,-0.149999999999991,-0.410355339059323));
#1059=CARTESIAN_POINT('',(1.42200395661956E-14,-0.149999999999991,-0.410355339059323));
#1060=CARTESIAN_POINT('',(-0.149999999999977,-0.149999999999991,-0.410355339059323));
#1061=CARTESIAN_POINT('',(-0.149999999999977,-1.83697019872093E-17,-0.410355339059323));
#1062=CARTESIAN_POINT('',(1.42093367510882E-14,1.11561779098947E-30,-0.530177669529662));
#1063=CARTESIAN_POINT('',(1.42191498289549E-14,-9.81307786677525E-18,-0.605000000000004));
#1064=CARTESIAN_POINT('',(0.184000000000026,0.,-0.560000000000006));
#1065=CARTESIAN_POINT('',(1.42093367510882E-14,1.11561779098947E-30,-0.539000000000008));
#1066=CARTESIAN_POINT('',(0.17600000000003,0.,-0.518000000000008));
#1067=CARTESIAN_POINT('',(0.17600000000003,-0.176000000000016,-0.518000000000008));
#1068=CARTESIAN_POINT('',(1.42216316070345E-14,-0.176000000000016,-0.518000000000008));
#1069=CARTESIAN_POINT('',(-0.176000000000002,-0.176000000000016,-0.518000000000008));
#1070=CARTESIAN_POINT('',(-0.176000000000002,-2.15537836649954E-17,-0.518000000000008));
#1071=CARTESIAN_POINT('',(0.186500000000038,0.,-0.507500000000007));
#1072=CARTESIAN_POINT('',(0.186500000000038,-0.186500000000024,-0.507500000000007));
#1073=CARTESIAN_POINT('',(1.42222745466041E-14,-0.186500000000024,-0.507500000000007));
#1074=CARTESIAN_POINT('',(-0.186500000000009,-0.186500000000024,-0.507500000000007));
#1075=CARTESIAN_POINT('',(-0.186500000000009,-2.2839662804101E-17,-0.507500000000007));
#1076=CARTESIAN_POINT('',(0.186500000000038,0.,-0.507500000000007));
#1077=CARTESIAN_POINT('',(0.165831239517772,0.250000000000004,0.));
#1078=CARTESIAN_POINT('',(0.25,0.165831239517772,0.));
#1079=CARTESIAN_POINT('',(0.25,-0.165831239517772,0.));
#1080=CARTESIAN_POINT('',(0.165831239517772,-0.249999999999993,0.));
#1081=CARTESIAN_POINT('',(-0.165831239517772,-0.249999999999996,0.));
#1082=CARTESIAN_POINT('',(-0.25,-0.165831239517768,0.));
#1083=CARTESIAN_POINT('',(-0.25,0.165831239517772,0.));
#1084=CARTESIAN_POINT('',(-0.165831239517786,0.249999999999993,0.));
#1085=CARTESIAN_POINT('',(0.0787401574803113,0.,0.));
#1086=CARTESIAN_POINT('',(-0.0756250000000023,-0.171875000000028,-0.01));
#1087=CARTESIAN_POINT('',(-0.105000000000018,-0.17187500000005,-0.01));
#1088=CARTESIAN_POINT('',(-0.075625000000457,-0.152500000000028,-0.01));
#1089=CARTESIAN_POINT('',(-0.044375000000457,-0.152500000000028,-0.01));
#1090=CARTESIAN_POINT('',(-0.0443750000000023,-0.17187500000005,-0.01));
#1091=CARTESIAN_POINT('',(0.0599999999999881,-0.171875000000007,-0.01));
#1092=CARTESIAN_POINT('',(0.0756249999999881,-0.18750000000003,-0.01));
#1093=CARTESIAN_POINT('',(0.0756249999999881,-0.222500000000029,-0.01));
#1094=CARTESIAN_POINT('',(0.0443749999999881,-0.222500000000029,-0.01));
#1095=CARTESIAN_POINT('',(0.0443749999999881,-0.203125000000028,-0.01));
#1096=CARTESIAN_POINT('',(0.015625,-0.203125000000028,-0.01));
#1097=CARTESIAN_POINT('',(0.015625,-0.222500000000029,-0.01));
#1098=CARTESIAN_POINT('',(-0.015625,-0.222500000000029,-0.01));
#1099=CARTESIAN_POINT('',(-0.015625,-0.203125000000028,-0.01));
#1100=CARTESIAN_POINT('',(-0.105000000000018,-0.20312500000005,-0.01));
#1101=CARTESIAN_POINT('',(-0.0756250000000023,-0.171875000000028,0.));
#1102=CARTESIAN_POINT('',(-0.105000000000018,-0.17187500000005,-8.67361737988404E-19));
#1103=CARTESIAN_POINT('',(-0.075625000000457,-0.152500000000028,-8.67361737988404E-19));
#1104=CARTESIAN_POINT('',(-0.044375000000457,-0.152500000000028,-8.67361737988404E-19));
#1105=CARTESIAN_POINT('',(-0.0443750000000023,-0.17187500000005,0.));
#1106=CARTESIAN_POINT('',(0.0599999999999881,-0.171875000000007,-8.67361737988404E-19));
#1107=CARTESIAN_POINT('',(0.0756249999999881,-0.18750000000003,-8.67361737988404E-19));
#1108=CARTESIAN_POINT('',(0.0756249999999881,-0.222500000000029,-8.67361737988404E-19));
#1109=CARTESIAN_POINT('',(0.0443749999999881,-0.222500000000029,-8.67361737988404E-19));
#1110=CARTESIAN_POINT('',(0.0443749999999881,-0.203125000000028,-8.67361737988404E-19));
#1111=CARTESIAN_POINT('',(0.015625,-0.203125000000028,-8.67361737988404E-19));
#1112=CARTESIAN_POINT('',(0.015625,-0.222500000000029,-8.67361737988404E-19));
#1113=CARTESIAN_POINT('',(-0.015625,-0.222500000000029,-8.67361737988404E-19));
#1114=CARTESIAN_POINT('',(-0.015625,-0.203125000000028,-8.67361737988404E-19));
#1115=CARTESIAN_POINT('',(-0.105000000000018,-0.20312500000005,-8.67361737988404E-19));
#1116=CARTESIAN_POINT('',(0.25,-0.068999999999992,-0.085));
#1117=CARTESIAN_POINT('',(-0.0690000000000097,0.249999999999996,-0.085));
#1118=CARTESIAN_POINT('',(0.0787401574803113,0.,-0.153328601112182));
#1119=CARTESIAN_POINT('',(0.0571493386160995,0.054166091752748,-0.125757435649207));
#1120=CARTESIAN_POINT('',(0.0571493386160995,0.054166091752748,-0.0442425643507915));
#1121=CARTESIAN_POINT('',(0.0787401574803113,0.,-0.0166713988878176));
#1122=CARTESIAN_POINT('',(0.0379343169178767,-0.068999999999992,-0.085));
#1123=CARTESIAN_POINT('',(-0.0690000000000097,0.0379343169178465,-0.085));
#1124=CARTESIAN_POINT('',(0.1875,0.,-0.17));
#1125=CARTESIAN_POINT('',(0.165831239517772,0.250000000000004,-0.17));
#1126=CARTESIAN_POINT('',(0.25,0.165831239517772,-0.17));
#1127=CARTESIAN_POINT('',(0.25,-0.165831239517772,-0.17));
#1128=CARTESIAN_POINT('',(0.165831239517772,-0.249999999999993,-0.17));
#1129=CARTESIAN_POINT('',(-0.165831239517772,-0.249999999999996,-0.17));
#1130=CARTESIAN_POINT('',(-0.25,-0.165831239517768,-0.17));
#1131=CARTESIAN_POINT('',(-0.25,0.165831239517772,-0.17));
#1132=CARTESIAN_POINT('',(-0.165831239517786,0.249999999999993,-0.17));
#1133=CARTESIAN_POINT('',(-0.186500000000009,0.,-0.507500000000007));
#1134=CARTESIAN_POINT('',(-0.176000000000002,0.,-0.518000000000008));
#1135=CARTESIAN_POINT('',(-0.176000000000002,0.,-0.560000000000009));
#1136=CARTESIAN_POINT('',(-0.183999999999997,0.,-0.560000000000006));
#1137=CARTESIAN_POINT('',(-0.149999999999977,0.,-0.410355339059323));
#1138=CARTESIAN_POINT('',(-0.0787401574803113,0.,-0.380838545835105));
#1139=CARTESIAN_POINT('',(0.0787401574803113,0.,-0.38083854583509));
#1140=CARTESIAN_POINT('',(-0.1875,0.,-0.507500000000007));
#1141=CARTESIAN_POINT('',(0.1875,0.,-0.507500000000008));
#1142=CARTESIAN_POINT('',(-0.149999999999977,0.,-0.6));
#1143=CARTESIAN_POINT('',(-0.183999999999997,0.,-0.6));
#1144=CARTESIAN_POINT('',(-0.0787401574803113,0.,0.));
#1145=CARTESIAN_POINT('',(0.0703362647833572,0.0676637352166409,-0.0850000000049232));
#1146=CARTESIAN_POINT('',(0.25,0.0676637352166414,-0.085));
#1147=CARTESIAN_POINT('',(0.0703362647833563,0.249999999999996,-0.085));
#1148=CARTESIAN_POINT('',(-0.1875,0.,-0.17));
#1149=CARTESIAN_POINT('',(0.150000000000013,-1.9715322271732E-27,-0.410355339059323));
#1150=CARTESIAN_POINT('',(0.150000000000011,-3.98362310030369E-28,-0.6));
#1151=CARTESIAN_POINT('',(0.184000000000033,-2.31455248877613E-28,-0.6));
#1152=CARTESIAN_POINT('',(0.184000000000033,-3.80417837052111E-28,-0.560000000000006));
#1153=CARTESIAN_POINT('',(0.17600000000003,-3.80417837052099E-28,-0.560000000000009));
#1154=CARTESIAN_POINT('',(0.176000000000034,-5.3682855463535E-28,-0.518000000000008));
#1155=CARTESIAN_POINT('',(0.186500000000038,-5.75931234031163E-28,-0.507500000000007));
#1156=CARTESIAN_POINT('',(0.165831239517772,0.250000000000004,0.));
#1157=CARTESIAN_POINT('',(0.216433955525736,0.216433955525738,0.));
#1158=CARTESIAN_POINT('',(0.25,0.165831239517772,0.));
#1159=CARTESIAN_POINT('',(0.25,0.165831239517772,0.));
#1160=CARTESIAN_POINT('',(0.25,0.165831239517772,-0.17));
#1161=CARTESIAN_POINT('',(0.165831239517772,0.250000000000004,0.));
#1162=CARTESIAN_POINT('',(0.165831239517772,0.250000000000004,-0.17));
#1163=CARTESIAN_POINT('',(0.25,0.165831239517772,0.));
#1164=CARTESIAN_POINT('',(0.25,0.,0.));
#1165=CARTESIAN_POINT('',(0.25,-0.165831239517772,0.));
#1166=CARTESIAN_POINT('',(0.25,-0.165831239517772,0.));
#1167=CARTESIAN_POINT('',(0.25,-0.165831239517772,-0.17));
#1168=CARTESIAN_POINT('',(0.25,-0.165831239517772,0.));
#1169=CARTESIAN_POINT('',(0.216433955525735,-0.21643395552573,0.));
#1170=CARTESIAN_POINT('',(0.165831239517772,-0.249999999999993,0.));
#1171=CARTESIAN_POINT('',(0.165831239517772,-0.249999999999993,0.));
#1172=CARTESIAN_POINT('',(0.165831239517772,-0.249999999999993,-0.17));
#1173=CARTESIAN_POINT('',(0.165831239517772,-0.249999999999993,0.));
#1174=CARTESIAN_POINT('',(0.,-0.249999999999995,0.));
#1175=CARTESIAN_POINT('',(-0.165831239517772,-0.249999999999996,0.));
#1176=CARTESIAN_POINT('',(-0.165831239517772,-0.249999999999996,0.));
#1177=CARTESIAN_POINT('',(-0.165831239517772,-0.249999999999996,-0.17));
#1178=CARTESIAN_POINT('',(-0.165831239517772,-0.249999999999996,0.));
#1179=CARTESIAN_POINT('',(-0.216433955525736,-0.216433955525731,0.));
#1180=CARTESIAN_POINT('',(-0.25,-0.165831239517768,0.));
#1181=CARTESIAN_POINT('',(-0.25,-0.165831239517768,0.));
#1182=CARTESIAN_POINT('',(-0.25,-0.165831239517768,-0.17));
#1183=CARTESIAN_POINT('',(-0.25,-0.165831239517768,0.));
#1184=CARTESIAN_POINT('',(-0.25,1.77635683940025E-15,0.));
#1185=CARTESIAN_POINT('',(-0.25,0.165831239517772,0.));
#1186=CARTESIAN_POINT('',(-0.25,0.165831239517772,0.));
#1187=CARTESIAN_POINT('',(-0.25,0.165831239517772,-0.17));
#1188=CARTESIAN_POINT('',(-0.25,0.165831239517772,0.));
#1189=CARTESIAN_POINT('',(-0.216433955525742,0.216433955525731,0.));
#1190=CARTESIAN_POINT('',(-0.165831239517786,0.249999999999993,0.));
#1191=CARTESIAN_POINT('',(-0.165831239517786,0.249999999999993,0.));
#1192=CARTESIAN_POINT('',(-0.165831239517786,0.249999999999993,-0.17));
#1193=CARTESIAN_POINT('',(-0.165831239517786,0.249999999999993,0.));
#1194=CARTESIAN_POINT('',(-7.105427357601E-15,0.249999999999998,0.));
#1195=CARTESIAN_POINT('',(0.165831239517772,0.250000000000004,0.));
#1196=CARTESIAN_POINT('',(0.0787401574803113,0.,0.));
#1197=CARTESIAN_POINT('',(0.0787401574803183,0.0787401574803145,0.));
#1198=CARTESIAN_POINT('',(0.,0.0787401574803148,0.));
#1199=CARTESIAN_POINT('',(-0.078740157480312,0.0787401574803145,0.));
#1200=CARTESIAN_POINT('',(-0.0787401574803113,0.,0.));
#1201=CARTESIAN_POINT('',(0.0787401574803113,0.,0.));
#1202=CARTESIAN_POINT('',(0.0787401574803113,0.,-0.0166713988878176));
#1203=CARTESIAN_POINT('',(-0.105000000000018,-0.17187500000005,-0.01));
#1204=CARTESIAN_POINT('',(-0.0903125000000102,-0.171875000000039,-0.01));
#1205=CARTESIAN_POINT('',(-0.0756250000000023,-0.171875000000028,-0.01));
#1206=CARTESIAN_POINT('',(-0.0756250000000023,-0.171875000000028,-0.01));
#1207=CARTESIAN_POINT('',(-0.0756250000002296,-0.162187500000028,-0.01));
#1208=CARTESIAN_POINT('',(-0.075625000000457,-0.152500000000028,-0.01));
#1209=CARTESIAN_POINT('',(-0.075625000000457,-0.152500000000028,-0.01));
#1210=CARTESIAN_POINT('',(-0.0756250000004576,-0.136875000000029,-0.01));
#1211=CARTESIAN_POINT('',(-0.060000000000457,-0.136875000000028,-0.01));
#1212=CARTESIAN_POINT('',(-0.0443750000004573,-0.136875000000029,-0.01));
#1213=CARTESIAN_POINT('',(-0.044375000000457,-0.152500000000028,-0.01));
#1214=CARTESIAN_POINT('',(-0.044375000000457,-0.152500000000028,-0.01));
#1215=CARTESIAN_POINT('',(-0.0443750000002296,-0.162187500000039,-0.01));
#1216=CARTESIAN_POINT('',(-0.0443750000000023,-0.17187500000005,-0.01));
#1217=CARTESIAN_POINT('',(-0.0443750000000023,-0.17187500000005,-0.01));
#1218=CARTESIAN_POINT('',(0.00781249999999289,-0.171875000000028,-0.01));
#1219=CARTESIAN_POINT('',(0.0599999999999881,-0.171875000000007,-0.01));
#1220=CARTESIAN_POINT('',(0.0599999999999881,-0.171875000000007,-0.01));
#1221=CARTESIAN_POINT('',(0.075625000000011,-0.171875000000008,-0.01));
#1222=CARTESIAN_POINT('',(0.0756249999999881,-0.18750000000003,-0.01));
#1223=CARTESIAN_POINT('',(0.0756249999999881,-0.18750000000003,-0.01));
#1224=CARTESIAN_POINT('',(0.0756249999999881,-0.20500000000003,-0.01));
#1225=CARTESIAN_POINT('',(0.0756249999999881,-0.222500000000029,-0.01));
#1226=CARTESIAN_POINT('',(0.0756249999999881,-0.222500000000029,-0.01));
#1227=CARTESIAN_POINT('',(0.0756249999999916,-0.23812500000003,-0.01));
#1228=CARTESIAN_POINT('',(0.0599999999999881,-0.238125000000029,-0.01));
#1229=CARTESIAN_POINT('',(0.0443749999999913,-0.23812500000003,-0.01));
#1230=CARTESIAN_POINT('',(0.0443749999999881,-0.222500000000029,-0.01));
#1231=CARTESIAN_POINT('',(0.0443749999999881,-0.222500000000029,-0.01));
#1232=CARTESIAN_POINT('',(0.0443749999999881,-0.212812500000028,-0.01));
#1233=CARTESIAN_POINT('',(0.0443749999999881,-0.203125000000028,-0.01));
#1234=CARTESIAN_POINT('',(0.0443749999999881,-0.203125000000028,-0.01));
#1235=CARTESIAN_POINT('',(0.029999999999994,-0.203125000000028,-0.01));
#1236=CARTESIAN_POINT('',(0.015625,-0.203125000000028,-0.01));
#1237=CARTESIAN_POINT('',(0.015625,-0.203125000000028,-0.01));
#1238=CARTESIAN_POINT('',(0.015625,-0.212812500000028,-0.01));
#1239=CARTESIAN_POINT('',(0.015625,-0.222500000000029,-0.01));
#1240=CARTESIAN_POINT('',(0.015625,-0.222500000000029,-0.01));
#1241=CARTESIAN_POINT('',(0.0156250000000008,-0.23812500000003,-0.01));
#1242=CARTESIAN_POINT('',(0.,-0.238125000000029,-0.01));
#1243=CARTESIAN_POINT('',(-0.0156249999999995,-0.23812500000003,-0.01));
#1244=CARTESIAN_POINT('',(-0.015625,-0.222500000000029,-0.01));
#1245=CARTESIAN_POINT('',(-0.015625,-0.222500000000029,-0.01));
#1246=CARTESIAN_POINT('',(-0.015625,-0.212812500000028,-0.01));
#1247=CARTESIAN_POINT('',(-0.015625,-0.203125000000028,-0.01));
#1248=CARTESIAN_POINT('',(-0.015625,-0.203125000000028,-0.01));
#1249=CARTESIAN_POINT('',(-0.0603125000000091,-0.203125000000039,-0.01));
#1250=CARTESIAN_POINT('',(-0.105000000000018,-0.20312500000005,-0.01));
#1251=CARTESIAN_POINT('',(-0.105000000000018,-0.20312500000005,-0.01));
#1252=CARTESIAN_POINT('',(-0.120625000000019,-0.20312500000005,-0.01));
#1253=CARTESIAN_POINT('',(-0.120625000000018,-0.18750000000005,-0.01));
#1254=CARTESIAN_POINT('',(-0.120625000000019,-0.17187500000005,-0.01));
#1255=CARTESIAN_POINT('',(-0.105000000000018,-0.17187500000005,-0.01));
#1256=CARTESIAN_POINT('',(-0.0756250000000023,-0.171875000000028,0.));
#1257=CARTESIAN_POINT('',(-0.0903125000000102,-0.171875000000039,0.));
#1258=CARTESIAN_POINT('',(-0.105000000000018,-0.17187500000005,-8.67361737988404E-19));
#1259=CARTESIAN_POINT('',(-0.075625000000457,-0.152500000000028,-8.67361737988404E-19));
#1260=CARTESIAN_POINT('',(-0.0756250000002296,-0.162187500000028,0.));
#1261=CARTESIAN_POINT('',(-0.0756250000000023,-0.171875000000028,0.));
#1262=CARTESIAN_POINT('',(-0.044375000000457,-0.152500000000028,-8.67361737988404E-19));
#1263=CARTESIAN_POINT('',(-0.0443750000004587,-0.136875000000029,0.));
#1264=CARTESIAN_POINT('',(-0.060000000000457,-0.136875000000028,-8.67361737988383E-19));
#1265=CARTESIAN_POINT('',(-0.0756250000004582,-0.136875000000029,0.));
#1266=CARTESIAN_POINT('',(-0.075625000000457,-0.152500000000028,-8.67361737988404E-19));
#1267=CARTESIAN_POINT('',(-0.0443750000000023,-0.17187500000005,0.));
#1268=CARTESIAN_POINT('',(-0.0443750000002296,-0.162187500000039,0.));
#1269=CARTESIAN_POINT('',(-0.044375000000457,-0.152500000000028,-8.67361737988404E-19));
#1270=CARTESIAN_POINT('',(0.0599999999999881,-0.171875000000007,-8.67361737988404E-19));
#1271=CARTESIAN_POINT('',(0.00781249999999289,-0.171875000000028,0.));
#1272=CARTESIAN_POINT('',(-0.0443750000000023,-0.17187500000005,0.));
#1273=CARTESIAN_POINT('',(0.0756249999999881,-0.18750000000003,-8.67361737988404E-19));
#1274=CARTESIAN_POINT('',(0.0756250000000078,-0.171875000000008,2.0800043399384E-32));
#1275=CARTESIAN_POINT('',(0.0599999999999881,-0.171875000000007,-8.67361737988404E-19));
#1276=CARTESIAN_POINT('',(0.0756249999999881,-0.222500000000029,-8.67361737988404E-19));
#1277=CARTESIAN_POINT('',(0.0756249999999881,-0.20500000000003,0.));
#1278=CARTESIAN_POINT('',(0.0756249999999881,-0.18750000000003,-8.67361737988404E-19));
#1279=CARTESIAN_POINT('',(0.0443749999999881,-0.222500000000029,-8.67361737988404E-19));
#1280=CARTESIAN_POINT('',(0.0443749999999916,-0.238125000000028,0.));
#1281=CARTESIAN_POINT('',(0.0599999999999881,-0.238125000000029,-8.67361737988382E-19));
#1282=CARTESIAN_POINT('',(0.0756249999999912,-0.238125000000028,0.));
#1283=CARTESIAN_POINT('',(0.0756249999999881,-0.222500000000029,-8.67361737988404E-19));
#1284=CARTESIAN_POINT('',(0.0443749999999881,-0.203125000000028,-8.67361737988404E-19));
#1285=CARTESIAN_POINT('',(0.0443749999999881,-0.212812500000028,0.));
#1286=CARTESIAN_POINT('',(0.0443749999999881,-0.222500000000029,-8.67361737988404E-19));
#1287=CARTESIAN_POINT('',(0.015625,-0.203125000000028,-8.67361737988404E-19));
#1288=CARTESIAN_POINT('',(0.029999999999994,-0.203125000000028,0.));
#1289=CARTESIAN_POINT('',(0.0443749999999881,-0.203125000000028,-8.67361737988404E-19));
#1290=CARTESIAN_POINT('',(0.015625,-0.222500000000029,-8.67361737988404E-19));
#1291=CARTESIAN_POINT('',(0.015625,-0.212812500000028,0.));
#1292=CARTESIAN_POINT('',(0.015625,-0.203125000000028,-8.67361737988404E-19));
#1293=CARTESIAN_POINT('',(-0.015625,-0.222500000000029,-8.67361737988404E-19));
#1294=CARTESIAN_POINT('',(-0.0156249999999992,-0.238125000000028,0.));
#1295=CARTESIAN_POINT('',(0.,-0.238125000000029,-8.67361737988383E-19));
#1296=CARTESIAN_POINT('',(0.0156250000000004,-0.238125000000028,0.));
#1297=CARTESIAN_POINT('',(0.015625,-0.222500000000029,-8.67361737988404E-19));
#1298=CARTESIAN_POINT('',(-0.015625,-0.203125000000028,-8.67361737988404E-19));
#1299=CARTESIAN_POINT('',(-0.015625,-0.212812500000028,0.));
#1300=CARTESIAN_POINT('',(-0.015625,-0.222500000000029,-8.67361737988404E-19));
#1301=CARTESIAN_POINT('',(-0.105000000000018,-0.20312500000005,-8.67361737988404E-19));
#1302=CARTESIAN_POINT('',(-0.0603125000000091,-0.203125000000039,0.));
#1303=CARTESIAN_POINT('',(-0.015625,-0.203125000000028,-8.67361737988404E-19));
#1304=CARTESIAN_POINT('',(-0.105000000000018,-0.17187500000005,-8.67361737988404E-19));
#1305=CARTESIAN_POINT('',(-0.12062500000002,-0.171875000000049,0.));
#1306=CARTESIAN_POINT('',(-0.120625000000018,-0.18750000000005,-8.67361737988428E-19));
#1307=CARTESIAN_POINT('',(-0.12062500000002,-0.20312500000005,0.));
#1308=CARTESIAN_POINT('',(-0.105000000000018,-0.20312500000005,-8.67361737988404E-19));
#1309=CARTESIAN_POINT('',(-0.0756250000000023,-0.171875000000028,0.));
#1310=CARTESIAN_POINT('',(-0.0756250000000023,-0.171875000000028,-0.01));
#1311=CARTESIAN_POINT('',(-0.105000000000018,-0.17187500000005,-8.67361737988404E-19));
#1312=CARTESIAN_POINT('',(-0.105000000000018,-0.17187500000005,-0.01));
#1313=CARTESIAN_POINT('',(-0.075625000000457,-0.152500000000028,-8.67361737988404E-19));
#1314=CARTESIAN_POINT('',(-0.075625000000457,-0.152500000000028,-0.01));
#1315=CARTESIAN_POINT('',(-0.044375000000457,-0.152500000000028,-8.67361737988404E-19));
#1316=CARTESIAN_POINT('',(-0.044375000000457,-0.152500000000028,-0.01));
#1317=CARTESIAN_POINT('',(-0.0443750000000023,-0.17187500000005,0.));
#1318=CARTESIAN_POINT('',(-0.0443750000000023,-0.17187500000005,-0.01));
#1319=CARTESIAN_POINT('',(0.0599999999999881,-0.171875000000007,-8.67361737988404E-19));
#1320=CARTESIAN_POINT('',(0.0599999999999881,-0.171875000000007,-0.01));
#1321=CARTESIAN_POINT('',(0.0756249999999881,-0.18750000000003,-8.67361737988404E-19));
#1322=CARTESIAN_POINT('',(0.0756249999999881,-0.18750000000003,-0.01));
#1323=CARTESIAN_POINT('',(0.0756249999999881,-0.222500000000029,-8.67361737988404E-19));
#1324=CARTESIAN_POINT('',(0.0756249999999881,-0.222500000000029,-0.01));
#1325=CARTESIAN_POINT('',(0.0443749999999881,-0.222500000000029,-8.67361737988404E-19));
#1326=CARTESIAN_POINT('',(0.0443749999999881,-0.222500000000029,-0.01));
#1327=CARTESIAN_POINT('',(0.0443749999999881,-0.203125000000028,-8.67361737988404E-19));
#1328=CARTESIAN_POINT('',(0.0443749999999881,-0.203125000000028,-0.01));
#1329=CARTESIAN_POINT('',(0.015625,-0.203125000000028,-8.67361737988404E-19));
#1330=CARTESIAN_POINT('',(0.015625,-0.203125000000028,-0.01));
#1331=CARTESIAN_POINT('',(0.015625,-0.222500000000029,-8.67361737988404E-19));
#1332=CARTESIAN_POINT('',(0.015625,-0.222500000000029,-0.01));
#1333=CARTESIAN_POINT('',(-0.015625,-0.222500000000029,-8.67361737988404E-19));
#1334=CARTESIAN_POINT('',(-0.015625,-0.222500000000029,-0.01));
#1335=CARTESIAN_POINT('',(-0.015625,-0.203125000000028,-8.67361737988404E-19));
#1336=CARTESIAN_POINT('',(-0.015625,-0.203125000000028,-0.01));
#1337=CARTESIAN_POINT('',(-0.105000000000018,-0.20312500000005,-8.67361737988404E-19));
#1338=CARTESIAN_POINT('',(-0.105000000000018,-0.20312500000005,-0.01));
#1339=CARTESIAN_POINT('',(0.25,-0.0689999999999924,-0.085));
#1340=CARTESIAN_POINT('',(0.25,-0.0689999999999924,-0.0166681323916831));
#1341=CARTESIAN_POINT('',(0.25,-0.000668132391675501,-0.0166681323916831));
#1342=CARTESIAN_POINT('',(0.25,0.0676637352166414,-0.0166681323916831));
#1343=CARTESIAN_POINT('',(0.25,0.0676637352166414,-0.085));
#1344=CARTESIAN_POINT('',(-0.0690000000000088,0.249999999999996,-0.085));
#1345=CARTESIAN_POINT('',(-0.0690000000000088,0.249999999999997,-0.154668132391683));
#1346=CARTESIAN_POINT('',(0.00066813239167375,0.249999999999996,-0.154668132391683));
#1347=CARTESIAN_POINT('',(0.0703362647833563,0.249999999999996,-0.154668132391683));
#1348=CARTESIAN_POINT('',(0.0703362647833563,0.249999999999996,-0.085));
#1349=CARTESIAN_POINT('',(0.0787401574803113,0.,-0.153328601112182));
#1350=CARTESIAN_POINT('',(0.0787401574803113,0.0199714263617388,-0.153133316024488));
#1351=CARTESIAN_POINT('',(0.0711158710945412,0.0369087631531642,-0.144500920683643));
#1352=CARTESIAN_POINT('',(0.0604075589410584,0.0505704304072161,-0.13030054110969));
#1353=CARTESIAN_POINT('',(0.0587776900951695,0.0524373808925116,-0.12809622967427));
#1354=CARTESIAN_POINT('',(0.0571493386160995,0.054166091752748,-0.125757435649207));
#1355=CARTESIAN_POINT('',(0.0571493386160995,0.054166091752748,-0.0442425643507915));
#1356=CARTESIAN_POINT('',(0.0587776900951695,0.052437380892508,-0.0419037703257274));
#1357=CARTESIAN_POINT('',(0.0604075589410584,0.0505704304072125,-0.039699458890306));
#1358=CARTESIAN_POINT('',(0.0711158710993871,0.0369087631469824,-0.025499079309931));
#1359=CARTESIAN_POINT('',(0.0787401574803113,0.0199714263724218,-0.0168666839756167));
#1360=CARTESIAN_POINT('',(0.0787401574803113,0.,-0.0166713988878176));
#1361=CARTESIAN_POINT('',(0.0379343169178767,-0.068999999999992,-0.085));
#1362=CARTESIAN_POINT('',(0.0379343169178767,-0.068999999999992,-0.0901094185329862));
#1363=CARTESIAN_POINT('',(0.0389882825322729,-0.0684388173496728,-0.0949658333799859));
#1364=CARTESIAN_POINT('',(0.0422546912742519,-0.0664672743283496,-0.103951667386534));
#1365=CARTESIAN_POINT('',(0.0443435800504588,-0.0651240286024901,-0.108056943564964));
#1366=CARTESIAN_POINT('',(0.0510462015391724,-0.0602111520450759,-0.119558327551711));
#1367=CARTESIAN_POINT('',(0.0563163207687296,-0.0555301933938672,-0.126567294526698));
#1368=CARTESIAN_POINT('',(0.070577992368122,-0.0380505037558621,-0.144634382247632));
#1369=CARTESIAN_POINT('',(0.078565407312098,-0.0209278356206148,-0.153331867608317));
#1370=CARTESIAN_POINT('',(0.0787373227836241,-0.000668132391675513,-0.153331867608317));
#1371=CARTESIAN_POINT('',(0.0787392125770907,-0.000445426112754888,-0.153331867608317));
#1372=CARTESIAN_POINT('',(0.0787401574803113,-0.000222696651501764,-0.153330778690004));
#1373=CARTESIAN_POINT('',(0.0787401574803113,0.,-0.153328601112182));
#1374=CARTESIAN_POINT('',(0.0787401574803113,0.,-0.0166713988878176));
#1375=CARTESIAN_POINT('',(0.0787401574803113,-0.000222703650308631,-0.0166692212415597));
#1376=CARTESIAN_POINT('',(0.0787392125177035,-0.000445433111643467,-0.0166681323916831));
#1377=CARTESIAN_POINT('',(0.0787373227836241,-0.000668132391675513,-0.0166681323916831));
#1378=CARTESIAN_POINT('',(0.078565407312098,-0.0209278356206184,-0.0166681323916831));
#1379=CARTESIAN_POINT('',(0.070577992368122,-0.0380505037558585,-0.025365617752366));
#1380=CARTESIAN_POINT('',(0.0563157493900093,-0.0555308936990553,-0.043433429311971));
#1381=CARTESIAN_POINT('',(0.0510458689266784,-0.0602113958428401,-0.0504422431957228));
#1382=CARTESIAN_POINT('',(0.0442734279504577,-0.065175448574232,-0.0620634341470908));
#1383=CARTESIAN_POINT('',(0.0421197476430777,-0.0665533152411832,-0.0663127563149146));
#1384=CARTESIAN_POINT('',(0.0389238293361558,-0.0684725698659943,-0.0753311046997668));
#1385=CARTESIAN_POINT('',(0.0379343169178767,-0.068999999999992,-0.0800477844632743));
#1386=CARTESIAN_POINT('',(0.0379343169178767,-0.068999999999992,-0.085));
#1387=CARTESIAN_POINT('',(-0.0690000000000097,0.0379343169178465,-0.085));
#1388=CARTESIAN_POINT('',(-0.0690000000000097,0.0379343169178448,-0.079991667944314));
#1389=CARTESIAN_POINT('',(-0.0684709784392652,0.0389270300710098,-0.075219764937595));
#1390=CARTESIAN_POINT('',(-0.0665426781765177,0.0421369171572525,-0.0660869885148733));
#1391=CARTESIAN_POINT('',(-0.0651574133972161,0.044300997696709,-0.0617799957588331));
#1392=CARTESIAN_POINT('',(-0.0601601482174345,0.0511098514643269,-0.0499873226297255));
#1393=CARTESIAN_POINT('',(-0.0554441556413821,0.0564081645537762,-0.0428636400677691));
#1394=CARTESIAN_POINT('',(-0.0378049749201068,0.0707333963107928,-0.0244516186918499));
#1395=CARTESIAN_POINT('',(-0.0205046972414067,0.0787401574803148,-0.0155317249542174));
#1396=CARTESIAN_POINT('',(0.,0.0787401574803148,-0.0153350714487397));
#1397=CARTESIAN_POINT('',(0.000222703978963068,0.0787401574803148,-0.0153329355714023));
#1398=CARTESIAN_POINT('',(0.00044543303579303,0.0787392125183484,-0.0153318676083174));
#1399=CARTESIAN_POINT('',(0.000668132391673737,0.0787373227836206,-0.0153318676083174));
#1400=CARTESIAN_POINT('',(0.021483972911355,0.0785606881608079,-0.0153318676083174));
#1401=CARTESIAN_POINT('',(0.0389783407612896,0.0701660440172613,-0.0243375484143674));
#1402=CARTESIAN_POINT('',(0.0531333675482131,0.0581865373908368,-0.0390464296088369));
#1403=CARTESIAN_POINT('',(0.0552322280346118,0.0561750761203683,-0.0415601140266676));
#1404=CARTESIAN_POINT('',(0.0571493386160995,0.054166091752748,-0.0442425643507915));
#1405=CARTESIAN_POINT('',(0.0571493386160995,0.054166091752748,-0.125757435649207));
#1406=CARTESIAN_POINT('',(0.0552322280365303,0.0561750761185262,-0.128439885971028));
#1407=CARTESIAN_POINT('',(0.0531333675492363,0.0581865373899646,-0.130953570390091));
#1408=CARTESIAN_POINT('',(0.0389783407536228,0.0701660440237486,-0.145662451593598));
#1409=CARTESIAN_POINT('',(0.021483972924905,0.0785606881606924,-0.154668132391683));
#1410=CARTESIAN_POINT('',(0.000668132391673737,0.0787373227836206,-0.154668132391683));
#1411=CARTESIAN_POINT('',(0.000445426188591114,0.0787392125764512,-0.154668132391683));
#1412=CARTESIAN_POINT('',(0.000222697131832206,0.0787401574803148,-0.154667064362929));
#1413=CARTESIAN_POINT('',(0.,0.0787401574803148,-0.15466492855126));
#1414=CARTESIAN_POINT('',(-0.0205046972290575,0.0787401574803148,-0.154468275045901));
#1415=CARTESIAN_POINT('',(-0.0378049749271696,0.0707333963050569,-0.145548381300782));
#1416=CARTESIAN_POINT('',(-0.0554441556413963,0.0564081645537691,-0.127136359932225));
#1417=CARTESIAN_POINT('',(-0.0601601482174345,0.0511098514643322,-0.120012677370283));
#1418=CARTESIAN_POINT('',(-0.0651574133681265,0.0443009977363431,-0.108220004309813));
#1419=CARTESIAN_POINT('',(-0.0665426781930663,0.0421369171297012,-0.103913011406731));
#1420=CARTESIAN_POINT('',(-0.0684709783142807,0.0389270302790514,-0.0947802356543168));
#1421=CARTESIAN_POINT('',(-0.0690000000000097,0.0379343169178448,-0.0900083314126949));
#1422=CARTESIAN_POINT('',(-0.0690000000000097,0.0379343169178465,-0.085));
#1423=CARTESIAN_POINT('',(0.0787401574803113,0.,-0.153328601112182));
#1424=CARTESIAN_POINT('',(0.0787401574803113,0.,-0.38083854583509));
#1425=CARTESIAN_POINT('',(0.0379343169178767,-0.068999999999992,-0.085));
#1426=CARTESIAN_POINT('',(0.25,-0.068999999999992,-0.085));
#1427=CARTESIAN_POINT('',(-0.0690000000000097,0.0379343169178465,-0.085));
#1428=CARTESIAN_POINT('',(-0.0690000000000097,0.249999999999996,-0.085));
#1429=CARTESIAN_POINT('',(0.0571493386160995,0.054166091752748,-0.125757435649207));
#1430=CARTESIAN_POINT('',(0.0648371364607552,0.0620972179225836,-0.115088713601273));
#1431=CARTESIAN_POINT('',(0.0703362647822426,0.0676637352155126,-0.101192786408429));
#1432=CARTESIAN_POINT('',(0.0703362647833572,0.0676637352166409,-0.0850000000049232));
#1433=CARTESIAN_POINT('',(0.1875,0.,-0.17));
#1434=CARTESIAN_POINT('',(0.1875,0.1875,-0.17));
#1435=CARTESIAN_POINT('',(0.,0.1875,-0.17));
#1436=CARTESIAN_POINT('',(-0.187499999999998,0.1875,-0.17));
#1437=CARTESIAN_POINT('',(-0.1875,0.,-0.17));
#1438=CARTESIAN_POINT('',(0.1875,0.,-0.17));
#1439=CARTESIAN_POINT('',(0.1875,0.,-0.507500000000008));
#1440=CARTESIAN_POINT('',(0.165831239517772,0.250000000000004,-0.17));
#1441=CARTESIAN_POINT('',(0.216433955525731,0.216433955525737,-0.17));
#1442=CARTESIAN_POINT('',(0.25,0.165831239517772,-0.17));
#1443=CARTESIAN_POINT('',(0.25,0.165831239517772,-0.17));
#1444=CARTESIAN_POINT('',(0.25,0.,-0.17));
#1445=CARTESIAN_POINT('',(0.25,-0.165831239517772,-0.17));
#1446=CARTESIAN_POINT('',(0.25,-0.165831239517772,-0.17));
#1447=CARTESIAN_POINT('',(0.216433955525733,-0.216433955525729,-0.17));
#1448=CARTESIAN_POINT('',(0.165831239517772,-0.249999999999993,-0.17));
#1449=CARTESIAN_POINT('',(0.165831239517772,-0.249999999999993,-0.17));
#1450=CARTESIAN_POINT('',(0.,-0.249999999999995,-0.17));
#1451=CARTESIAN_POINT('',(-0.165831239517772,-0.249999999999996,-0.17));
#1452=CARTESIAN_POINT('',(-0.165831239517772,-0.249999999999996,-0.17));
#1453=CARTESIAN_POINT('',(-0.216433955525734,-0.216433955525732,-0.17));
#1454=CARTESIAN_POINT('',(-0.25,-0.165831239517768,-0.17));
#1455=CARTESIAN_POINT('',(-0.25,-0.165831239517768,-0.17));
#1456=CARTESIAN_POINT('',(-0.25,1.77635683940025E-15,-0.17));
#1457=CARTESIAN_POINT('',(-0.25,0.165831239517772,-0.17));
#1458=CARTESIAN_POINT('',(-0.25,0.165831239517772,-0.17));
#1459=CARTESIAN_POINT('',(-0.216433955525744,0.21643395552573,-0.17));
#1460=CARTESIAN_POINT('',(-0.165831239517786,0.249999999999993,-0.17));
#1461=CARTESIAN_POINT('',(-0.165831239517786,0.249999999999993,-0.17));
#1462=CARTESIAN_POINT('',(-7.105427357601E-15,0.249999999999998,-0.17));
#1463=CARTESIAN_POINT('',(0.165831239517772,0.250000000000004,-0.17));
#1464=CARTESIAN_POINT('',(-0.186500000000009,0.,-0.507500000000007));
#1465=CARTESIAN_POINT('',(-0.1875,0.,-0.507500000000007));
#1466=CARTESIAN_POINT('',(-0.176000000000002,0.,-0.518000000000008));
#1467=CARTESIAN_POINT('',(-0.186500000000009,0.,-0.507500000000007));
#1468=CARTESIAN_POINT('',(-0.176000000000002,0.,-0.560000000000009));
#1469=CARTESIAN_POINT('',(-0.176000000000002,0.,-0.518000000000008));
#1470=CARTESIAN_POINT('',(-0.183999999999997,0.,-0.560000000000006));
#1471=CARTESIAN_POINT('',(-0.176000000000002,0.,-0.560000000000009));
#1472=CARTESIAN_POINT('',(-0.149999999999977,0.,-0.410355339059323));
#1473=CARTESIAN_POINT('',(-0.149999999999977,0.,-0.6));
#1474=CARTESIAN_POINT('',(-0.149999999999984,1.9715322271732E-27,-0.410355339059323));
#1475=CARTESIAN_POINT('',(-0.149999999999984,0.149999999999999,-0.410355339059323));
#1476=CARTESIAN_POINT('',(1.42016698642104E-14,0.149999999999999,-0.410355339059323));
#1477=CARTESIAN_POINT('',(0.150000000000013,0.149999999999999,-0.410355339059323));
#1478=CARTESIAN_POINT('',(0.150000000000013,-1.9715322271732E-27,-0.410355339059323));
#1479=CARTESIAN_POINT('',(-0.184000000000005,3.80417837052111E-28,-0.560000000000006));
#1480=CARTESIAN_POINT('',(-0.184000000000005,0.184000000000019,-0.560000000000006));
#1481=CARTESIAN_POINT('',(1.41995879646502E-14,0.184000000000019,-0.560000000000006));
#1482=CARTESIAN_POINT('',(0.184000000000033,0.184000000000019,-0.560000000000006));
#1483=CARTESIAN_POINT('',(0.184000000000033,-3.80417837052111E-28,-0.560000000000006));
#1484=CARTESIAN_POINT('',(-0.176000000000002,3.80417837052099E-28,-0.560000000000009));
#1485=CARTESIAN_POINT('',(-0.176000000000002,0.176000000000016,-0.560000000000009));
#1486=CARTESIAN_POINT('',(1.42000778233699E-14,0.176000000000016,-0.560000000000009));
#1487=CARTESIAN_POINT('',(0.17600000000003,0.176000000000016,-0.560000000000009));
#1488=CARTESIAN_POINT('',(0.17600000000003,-3.80417837052099E-28,-0.560000000000009));
#1489=CARTESIAN_POINT('',(-0.176000000000005,5.3682855463535E-28,-0.518000000000008));
#1490=CARTESIAN_POINT('',(-0.176000000000005,0.17600000000002,-0.518000000000008));
#1491=CARTESIAN_POINT('',(1.420007782337E-14,0.17600000000002,-0.518000000000008));
#1492=CARTESIAN_POINT('',(0.176000000000034,0.17600000000002,-0.518000000000008));
#1493=CARTESIAN_POINT('',(0.176000000000034,-5.3682855463535E-28,-0.518000000000008));
#1494=CARTESIAN_POINT('',(-0.186500000000009,5.75931234031163E-28,-0.507500000000007));
#1495=CARTESIAN_POINT('',(-0.186500000000009,0.186500000000024,-0.507500000000007));
#1496=CARTESIAN_POINT('',(1.41994348838005E-14,0.186500000000024,-0.507500000000007));
#1497=CARTESIAN_POINT('',(0.186500000000038,0.186500000000024,-0.507500000000007));
#1498=CARTESIAN_POINT('',(0.186500000000038,-5.75931234031163E-28,-0.507500000000007));
#1499=CARTESIAN_POINT('',(-0.0787401574803148,2.11203243906357E-28,-0.380838545835105));
#1500=CARTESIAN_POINT('',(-0.0787401574803148,0.0787401574803148,-0.380838545835105));
#1501=CARTESIAN_POINT('',(4.82144409134251E-18,0.0787401574803148,-0.380838545835097));
#1502=CARTESIAN_POINT('',(0.0787401574803148,0.0787401574803148,-0.38083854583509));
#1503=CARTESIAN_POINT('',(0.0787401574803148,-2.11203243906357E-28,-0.38083854583509));
#1504=CARTESIAN_POINT('',(0.0787401574803148,-2.11202956992304E-28,-0.38083854583509));
#1505=CARTESIAN_POINT('',(0.0787401574803148,-0.0787401574803148,-0.38083854583509));
#1506=CARTESIAN_POINT('',(-4.82144409134251E-18,-0.0787401574803148,-0.380838545835097));
#1507=CARTESIAN_POINT('',(-0.0787401574803148,-0.0787401574803148,-0.380838545835105));
#1508=CARTESIAN_POINT('',(-0.0787401574803148,2.11202956992304E-28,-0.380838545835105));
#1509=CARTESIAN_POINT('',(-0.1875,0.,-0.507500000000007));
#1510=CARTESIAN_POINT('',(-0.187499999999998,0.1875,-0.507500000000007));
#1511=CARTESIAN_POINT('',(0.,0.1875,-0.507500000000007));
#1512=CARTESIAN_POINT('',(0.1875,0.1875,-0.507500000000008));
#1513=CARTESIAN_POINT('',(0.1875,0.,-0.507500000000008));
#1514=CARTESIAN_POINT('',(0.1875,0.,-0.507500000000008));
#1515=CARTESIAN_POINT('',(0.1875,-0.1875,-0.507500000000008));
#1516=CARTESIAN_POINT('',(0.,-0.1875,-0.507500000000007));
#1517=CARTESIAN_POINT('',(-0.187499999999998,-0.1875,-0.507500000000007));
#1518=CARTESIAN_POINT('',(-0.1875,0.,-0.507500000000007));
#1519=CARTESIAN_POINT('',(-0.149999999999983,3.98362310030369E-28,-0.6));
#1520=CARTESIAN_POINT('',(-0.149999999999983,-0.149999999999997,-0.6));
#1521=CARTESIAN_POINT('',(1.42384092681824E-14,-0.149999999999997,-0.6));
#1522=CARTESIAN_POINT('',(0.150000000000011,-0.149999999999997,-0.6));
#1523=CARTESIAN_POINT('',(0.150000000000011,-3.98362310030369E-28,-0.6));
#1524=CARTESIAN_POINT('',(-0.184000000000005,2.31455248877613E-28,-0.6));
#1525=CARTESIAN_POINT('',(-0.184000000000005,0.184000000000019,-0.6));
#1526=CARTESIAN_POINT('',(1.41995879646501E-14,0.184000000000019,-0.6));
#1527=CARTESIAN_POINT('',(0.184000000000033,0.184000000000019,-0.6));
#1528=CARTESIAN_POINT('',(0.184000000000033,-2.31455248877613E-28,-0.6));
#1529=CARTESIAN_POINT('',(-0.0787401574803113,0.,-0.380838545835105));
#1530=CARTESIAN_POINT('',(-0.149999999999977,0.,-0.410355339059323));
#1531=CARTESIAN_POINT('',(-0.183999999999997,0.,-0.6));
#1532=CARTESIAN_POINT('',(-0.183999999999997,0.,-0.560000000000006));
#1533=CARTESIAN_POINT('',(-0.0787401574803113,0.,0.));
#1534=CARTESIAN_POINT('',(-0.0787401574803113,0.,-0.380838545835105));
#1535=CARTESIAN_POINT('',(-0.0787401574803113,0.,0.));
#1536=CARTESIAN_POINT('',(-0.078740157480312,-0.0787401574803145,0.));
#1537=CARTESIAN_POINT('',(0.,-0.0787401574803148,0.));
#1538=CARTESIAN_POINT('',(0.0787401574803183,-0.0787401574803145,0.));
#1539=CARTESIAN_POINT('',(0.0787401574803113,0.,0.));
#1540=CARTESIAN_POINT('',(0.0703362645132406,0.0676637352166409,-0.085));
#1541=CARTESIAN_POINT('',(0.249999999999997,0.0676637352166409,-0.085));
#1542=CARTESIAN_POINT('',(0.25,0.0676637352166414,-0.085));
#1543=CARTESIAN_POINT('',(0.25,0.0676637352166414,-0.153331867608317));
#1544=CARTESIAN_POINT('',(0.25,-0.000668132391675518,-0.153331867608317));
#1545=CARTESIAN_POINT('',(0.25,-0.0689999999999924,-0.153331867608317));
#1546=CARTESIAN_POINT('',(0.25,-0.0689999999999924,-0.085));
#1547=CARTESIAN_POINT('',(0.0703362647833572,0.0676637352166409,-0.0850000000049232));
#1548=CARTESIAN_POINT('',(0.0703362647844725,0.0676637352177699,-0.0688072135972068));
#1549=CARTESIAN_POINT('',(0.0648371364623139,0.0620972179241881,-0.0549112864008884));
#1550=CARTESIAN_POINT('',(0.0571493386160995,0.054166091752748,-0.0442425643507915));
#1551=CARTESIAN_POINT('',(0.0703362647833572,0.0676637350996106,-0.085));
#1552=CARTESIAN_POINT('',(0.0703362647833572,0.249999999999997,-0.085));
#1553=CARTESIAN_POINT('',(0.0703362647833563,0.249999999999996,-0.085));
#1554=CARTESIAN_POINT('',(0.0703362647833563,0.249999999999996,-0.0153318676083174));
#1555=CARTESIAN_POINT('',(0.000668132391673733,0.249999999999996,-0.0153318676083174));
#1556=CARTESIAN_POINT('',(-0.0690000000000088,0.249999999999997,-0.0153318676083174));
#1557=CARTESIAN_POINT('',(-0.0690000000000088,0.249999999999996,-0.085));
#1558=CARTESIAN_POINT('',(-0.1875,0.,-0.17));
#1559=CARTESIAN_POINT('',(-0.1875,0.,-0.507500000000007));
#1560=CARTESIAN_POINT('',(-0.1875,0.,-0.17));
#1561=CARTESIAN_POINT('',(-0.187499999999998,-0.1875,-0.17));
#1562=CARTESIAN_POINT('',(0.,-0.1875,-0.17));
#1563=CARTESIAN_POINT('',(0.1875,-0.1875,-0.17));
#1564=CARTESIAN_POINT('',(0.1875,0.,-0.17));
#1565=CARTESIAN_POINT('',(0.0787401574803067,0.,-0.38083854583509));
#1566=CARTESIAN_POINT('',(0.150000000000006,0.,-0.410355339059323));
#1567=CARTESIAN_POINT('',(0.150000000000013,-1.9715322271732E-27,-0.410355339059323));
#1568=CARTESIAN_POINT('',(0.150000000000013,-0.149999999999999,-0.410355339059323));
#1569=CARTESIAN_POINT('',(1.42384092681808E-14,-0.149999999999999,-0.410355339059323));
#1570=CARTESIAN_POINT('',(-0.149999999999984,-0.149999999999999,-0.410355339059323));
#1571=CARTESIAN_POINT('',(-0.149999999999984,1.9715322271732E-27,-0.410355339059323));
#1572=CARTESIAN_POINT('',(0.150000000000006,0.,-0.410355339059323));
#1573=CARTESIAN_POINT('',(0.150000000000006,0.,-0.6));
#1574=CARTESIAN_POINT('',(0.150000000000011,-3.98362310030369E-28,-0.6));
#1575=CARTESIAN_POINT('',(0.150000000000011,0.149999999999997,-0.6));
#1576=CARTESIAN_POINT('',(1.42016698642088E-14,0.149999999999997,-0.6));
#1577=CARTESIAN_POINT('',(-0.149999999999983,0.149999999999997,-0.6));
#1578=CARTESIAN_POINT('',(-0.149999999999983,3.98362310030369E-28,-0.6));
#1579=CARTESIAN_POINT('',(0.184000000000026,0.,-0.6));
#1580=CARTESIAN_POINT('',(0.184000000000026,0.,-0.560000000000006));
#1581=CARTESIAN_POINT('',(0.184000000000033,-3.80417837052111E-28,-0.560000000000006));
#1582=CARTESIAN_POINT('',(0.184000000000033,-0.184000000000019,-0.560000000000006));
#1583=CARTESIAN_POINT('',(1.42446549668581E-14,-0.184000000000019,-0.560000000000006));
#1584=CARTESIAN_POINT('',(-0.184000000000005,-0.184000000000019,-0.560000000000006));
#1585=CARTESIAN_POINT('',(-0.184000000000005,3.80417837052111E-28,-0.560000000000006));
#1586=CARTESIAN_POINT('',(0.184000000000033,-2.31455248877613E-28,-0.6));
#1587=CARTESIAN_POINT('',(0.184000000000033,-0.184000000000019,-0.6));
#1588=CARTESIAN_POINT('',(1.42446549668582E-14,-0.184000000000019,-0.6));
#1589=CARTESIAN_POINT('',(-0.184000000000005,-0.184000000000019,-0.6));
#1590=CARTESIAN_POINT('',(-0.184000000000005,2.31455248877613E-28,-0.6));
#1591=CARTESIAN_POINT('',(0.184000000000026,0.,-0.560000000000006));
#1592=CARTESIAN_POINT('',(0.17600000000003,0.,-0.560000000000009));
#1593=CARTESIAN_POINT('',(0.17600000000003,-3.80417837052099E-28,-0.560000000000009));
#1594=CARTESIAN_POINT('',(0.17600000000003,-0.176000000000016,-0.560000000000009));
#1595=CARTESIAN_POINT('',(1.42431853906991E-14,-0.176000000000016,-0.560000000000009));
#1596=CARTESIAN_POINT('',(-0.176000000000002,-0.176000000000016,-0.560000000000009));
#1597=CARTESIAN_POINT('',(-0.176000000000002,3.80417837052099E-28,-0.560000000000009));
#1598=CARTESIAN_POINT('',(0.17600000000003,0.,-0.560000000000009));
#1599=CARTESIAN_POINT('',(0.17600000000003,0.,-0.518000000000008));
#1600=CARTESIAN_POINT('',(0.176000000000034,-5.3682855463535E-28,-0.518000000000008));
#1601=CARTESIAN_POINT('',(0.176000000000034,-0.17600000000002,-0.518000000000008));
#1602=CARTESIAN_POINT('',(1.4243185390699E-14,-0.17600000000002,-0.518000000000008));
#1603=CARTESIAN_POINT('',(-0.176000000000005,-0.17600000000002,-0.518000000000008));
#1604=CARTESIAN_POINT('',(-0.176000000000005,5.3682855463535E-28,-0.518000000000008));
#1605=CARTESIAN_POINT('',(0.17600000000003,0.,-0.518000000000008));
#1606=CARTESIAN_POINT('',(0.186500000000038,0.,-0.507500000000007));
#1607=CARTESIAN_POINT('',(0.186500000000038,-5.75931234031163E-28,-0.507500000000007));
#1608=CARTESIAN_POINT('',(0.186500000000038,-0.186500000000024,-0.507500000000007));
#1609=CARTESIAN_POINT('',(1.42451142094076E-14,-0.186500000000024,-0.507500000000007));
#1610=CARTESIAN_POINT('',(-0.186500000000009,-0.186500000000024,-0.507500000000007));
#1611=CARTESIAN_POINT('',(-0.186500000000009,5.75931234031163E-28,-0.507500000000007));
#1612=CARTESIAN_POINT('',(0.186500000000038,0.,-0.507500000000007));
#1613=CARTESIAN_POINT('',(0.187499999999995,0.,-0.507500000000007));
#1614=CARTESIAN_POINT('',(0.,0.,0.));
ENDSEC;
END-ISO-10303-21;
